zip檔名	拍數	累積拍數	經名	山圖號
0001-001天01	31	31	大般若波羅蜜多經六百卷（001）	11725711
0001-002天02	37	68	大般若波羅蜜多經六百卷（002）	11725811
0001-003天03	34	102	大般若波羅蜜多經六百卷（003）	11725911
0001-004天04	35	137	大般若波羅蜜多經六百卷（004）	11726011
0001-005天05	33	170	大般若波羅蜜多經六百卷（005）	11726111
0001-006天06	21	191	大般若波羅蜜多經六百卷（006）	11726211
0001-007天07	21	212	大般若波羅蜜多經六百卷（007）	11726311
0001-008天08	34	246	大般若波羅蜜多經六百卷（008）	11726411
0001-009天09		246	大般若波羅蜜多經六百卷（009）	11726511
0001-010天10	34	280	大般若波羅蜜多經六百卷（010）	11726611
0001-011地01	37	317	大般若波羅蜜多經六百卷（011）	11726711
0001-012地02	34	351	大般若波羅蜜多經六百卷（012）	11726811
0001-013地03	34	385	大般若波羅蜜多經六百卷（013）	11726911
0001-014地04	34	419	大般若波羅蜜多經六百卷（014）	11727011
0001-015地05	34	453	大般若波羅蜜多經六百卷（015）	11727111
0001-016地06	34	487	大般若波羅蜜多經六百卷（016）	11727211
0001-017地07	33	520	大般若波羅蜜多經六百卷（017）	11727311
0001-018地08	37	557	大般若波羅蜜多經六百卷（018）	11727411
0001-019地09	34	591	大般若波羅蜜多經六百卷（019）	11727511
0001-020地10	39	630	大般若波羅蜜多經六百卷（020）	11727611
0001-021玄01	38	668	大般若波羅蜜多經六百卷（021）	11727711
0001-022玄02	38	706	大般若波羅蜜多經六百卷（022）	11727811
0001-023玄03	31	737	大般若波羅蜜多經六百卷（023）	11727911
0001-024玄04	33	770	大般若波羅蜜多經六百卷（024）	11728011
0001-025玄05	33	803	大般若波羅蜜多經六百卷（025）	11728111
0001-026玄06	33	836	大般若波羅蜜多經六百卷（026）	11728211
0001-027玄07		836	大般若波羅蜜多經六百卷（027）	11728311
0001-028玄08	35	871	大般若波羅蜜多經六百卷（028）	11728411
0001-029玄09	34	905	大般若波羅蜜多經六百卷（029）	11728511
0001-030玄10	34	939	大般若波羅蜜多經六百卷（030）	11728611
0001-031黃01		939	大般若波羅蜜多經六百卷（031）	11728711
0001-032黃02	36	975	大般若波羅蜜多經六百卷（032）	11728811
0001-033黃03	33	1008	大般若波羅蜜多經六百卷（033）	11728911
0001-034黃04	34	1042	大般若波羅蜜多經六百卷（034）	11729011
0001-035黃05	34	1076	大般若波羅蜜多經六百卷（035）	11729111
0001-036黃06	36	1112	大般若波羅蜜多經六百卷（036）	11729211
0001-037黃07	38	1150	大般若波羅蜜多經六百卷（037）	11729311
0001-038黃08	39	1189	大般若波羅蜜多經六百卷（038）	11729411
0001-039黃09	36	1225	大般若波羅蜜多經六百卷（039）	11729511
0001-040黃10	33	1258	大般若波羅蜜多經六百卷（040）	11729611
0001-041宇01	42	1300	大般若波羅蜜多經六百卷（041）	11729711
0001-042宇02		1300	大般若波羅蜜多經六百卷（042）	11729811
0001-043宇03	34	1334	大般若波羅蜜多經六百卷（043）	11729911
0001-044宇04		1334	大般若波羅蜜多經六百卷（044）	11730011
0001-045宇05	37	1371	大般若波羅蜜多經六百卷（045）	11730111
0001-046宇06		1371	大般若波羅蜜多經六百卷（046）	11730211
0001-047宇07	34	1405	大般若波羅蜜多經六百卷（047）	11730311
0001-048宇08		1405	大般若波羅蜜多經六百卷（048）	11730411
0001-049宇09		1405	大般若波羅蜜多經六百卷（049）	11730511
0001-050宇10		1405	大般若波羅蜜多經六百卷（050）	11730611
0001-051宙01	33	1438	大般若波羅蜜多經六百卷（051）	11730711
0001-052宙02	37	1475	大般若波羅蜜多經六百卷（052）	11730811
0001-053宙03	36	1511	大般若波羅蜜多經六百卷（053）	11730911
0001-054宙04	35	1546	大般若波羅蜜多經六百卷（054）	11731011
0001-055宙05	37	1583	大般若波羅蜜多經六百卷（055）	11731111
0001-056宙06	35	1618	大般若波羅蜜多經六百卷（056）	11731211
0001-057宙07	34	1652	大般若波羅蜜多經六百卷（057）	11731311
0001-058宙08	32	1684	大般若波羅蜜多經六百卷（058）	11731411
0001-059宙09	33	1717	大般若波羅蜜多經六百卷（059）	11731511
0001-060宙10	35	1752	大般若波羅蜜多經六百卷（060）	11731611
0001-061洪01	36	1788	大般若波羅蜜多經六百卷（061）	11731711
0001-062洪02	32	1820	大般若波羅蜜多經六百卷（062）	11731811
0001-063洪03	33	1853	大般若波羅蜜多經六百卷（063）	11731911
0001-064洪04	33	1886	大般若波羅蜜多經六百卷（064）	11732011
0001-065洪05	37	1923	大般若波羅蜜多經六百卷（065）	11732111
0001-066洪06	34	1957	大般若波羅蜜多經六百卷（066）	11732211
0001-067洪07		1957	大般若波羅蜜多經六百卷（067）	11732311
0001-068洪08	33	1990	大般若波羅蜜多經六百卷（068）	11732411
0001-069洪09	34	2024	大般若波羅蜜多經六百卷（069）	11732511
0001-070洪10		2024	大般若波羅蜜多經六百卷（070）	11732611
0001-071荒01	37	2061	大般若波羅蜜多經六百卷（071）	11732711
0001-072荒02	30	2091	大般若波羅蜜多經六百卷（072）	11732811
0001-073荒03		2091	大般若波羅蜜多經六百卷（073）	11732911
0001-074荒04	35	2126	大般若波羅蜜多經六百卷（074）	11733011
0001-075荒05	32	2158	大般若波羅蜜多經六百卷（075）	11733111
0001-076荒06	28	2186	大般若波羅蜜多經六百卷（076）	11733211
0001-077荒07		2186	大般若波羅蜜多經六百卷（077）	11733311
0001-078荒08	32	2218	大般若波羅蜜多經六百卷（078）	11733411
0001-079荒09	33	2251	大般若波羅蜜多經六百卷（079）	11733511
0001-080荒10	34	2285	大般若波羅蜜多經六百卷（080）	11733611
0001-081日01	35	2320	大般若波羅蜜多經六百卷（081）	11733711
0001-082日02		2320	大般若波羅蜜多經六百卷（082）	11733811
0001-083日03		2320	大般若波羅蜜多經六百卷（083）	11733911
0001-084日04		2320	大般若波羅蜜多經六百卷（084）	11734011
0001-085日05	32	2352	大般若波羅蜜多經六百卷（085）	11734111
0001-086日06	33	2385	大般若波羅蜜多經六百卷（086）	11734211
0001-087日07		2385	大般若波羅蜜多經六百卷（087）	11734311
0001-088日08	32	2417	大般若波羅蜜多經六百卷（088）	11734411
0001-089日09	34	2451	大般若波羅蜜多經六百卷（089）	11734511
0001-090日10	33	2484	大般若波羅蜜多經六百卷（090）	11734611
0001-091月01	37	2521	大般若波羅蜜多經六百卷（091）	11734711
0001-092月02	33	2554	大般若波羅蜜多經六百卷（092）	11734811
0001-093月03	32	2586	大般若波羅蜜多經六百卷（093）	11734911
0001-094月04	32	2618	大般若波羅蜜多經六百卷（094）	11735011
0001-095月05	31	2649	大般若波羅蜜多經六百卷（095）	11735111
0001-096月06	32	2681	大般若波羅蜜多經六百卷（096）	11735211
0001-097月07	33	2714	大般若波羅蜜多經六百卷（097）	11735311
0001-098月08	33	2747	大般若波羅蜜多經六百卷（098）	11735411
0001-099月09	35	2782	大般若波羅蜜多經六百卷（099）	11735511
0001-100月10		2782	大般若波羅蜜多經六百卷（100）	11735611
0001-101盈01	33	2815	大般若波羅蜜多經六百卷（101）	11735711
0001-102盈02	32	2847	大般若波羅蜜多經六百卷（102）	11735811
0001-103盈03	31	2878	大般若波羅蜜多經六百卷（103）	11735911
0001-104盈04	31	2909	大般若波羅蜜多經六百卷（104）	11736011
0001-105盈05	32	2941	大般若波羅蜜多經六百卷（105）	11736111
0001-106盈06	32	2973	大般若波羅蜜多經六百卷（106）	11736211
0001-107盈07	32	3005	大般若波羅蜜多經六百卷（107）	11736311
0001-108盈08	31	3036	大般若波羅蜜多經六百卷（108）	11736411
0001-109盈09	31	3067	大般若波羅蜜多經六百卷（109）	11736511
0001-110盈10	35	3102	大般若波羅蜜多經六百卷（110）	11736611
0001-111昃01	34	3136	大般若波羅蜜多經六百卷（111）	11736711
0001-112昃02		3136	大般若波羅蜜多經六百卷（112）	11736811
0001-113昃03	31	3167	大般若波羅蜜多經六百卷（113）	11736911
0001-114昃04		3167	大般若波羅蜜多經六百卷（114）	11737011
0001-115昃05	32	3199	大般若波羅蜜多經六百卷（115）	11737111
0001-116昃06		3199	大般若波羅蜜多經六百卷（116）	11737211
0001-117昃07	32	3231	大般若波羅蜜多經六百卷（117）	11737311
0001-118昃08		3231	大般若波羅蜜多經六百卷（118）	11737411
0001-119昃09		3231	大般若波羅蜜多經六百卷（119）	11737511
0001-120昃10	34	3265	大般若波羅蜜多經六百卷（120）	11737611
0001-121辰01	35	3300	大般若波羅蜜多經六百卷（121）	11737711
0001-122辰02	33	3333	大般若波羅蜜多經六百卷（122）	11737811
0001-123辰03	34	3367	大般若波羅蜜多經六百卷（123）	11737911
0001-124辰04		3367	大般若波羅蜜多經六百卷（124）	11738011
0001-125辰05	33	3400	大般若波羅蜜多經六百卷（125）	11738111
0001-126辰06		3400	大般若波羅蜜多經六百卷（126）	11738211
0001-127辰07	34	3434	大般若波羅蜜多經六百卷（127）	11738311
0001-128辰08		3434	大般若波羅蜜多經六百卷（128）	11738411
0001-129辰09	31	3465	大般若波羅蜜多經六百卷（129）	11738511
0001-130辰10	32	3497	大般若波羅蜜多經六百卷（130）	11738611
0001-131宿01	32	3529	大般若波羅蜜多經六百卷（131）	11738711
0001-132宿02	33	3562	大般若波羅蜜多經六百卷（132）	11738811
0001-133宿03	28	3590	大般若波羅蜜多經六百卷（133）	11738911
0001-134宿04	31	3621	大般若波羅蜜多經六百卷（134）	11739011
0001-135宿05	30	3651	大般若波羅蜜多經六百卷（135）	11739111
0001-136宿06	31	3682	大般若波羅蜜多經六百卷（136）	11739211
0001-137宿07	31	3713	大般若波羅蜜多經六百卷（137）	11739311
0001-138宿08	30	3743	大般若波羅蜜多經六百卷（138）	11739411
0001-139宿09	30	3773	大般若波羅蜜多經六百卷（139）	11739511
0001-140宿10	31	3804	大般若波羅蜜多經六百卷（140）	11739611
0001-141列01	32	3836	大般若波羅蜜多經六百卷（141）	11739711
0001-142列02	33	3869	大般若波羅蜜多經六百卷（142）	11739811
0001-143列03	32	3901	大般若波羅蜜多經六百卷（143）	11739911
0001-144列04	31	3932	大般若波羅蜜多經六百卷（144）	11740011
0001-145列05	32	3964	大般若波羅蜜多經六百卷（145）	11740111
0001-146列06	30	3994	大般若波羅蜜多經六百卷（146）	11740211
0001-147列07	31	4025	大般若波羅蜜多經六百卷（147）	11740311
0001-148列08	33	4058	大般若波羅蜜多經六百卷（148）	11740411
0001-149列09	30	4088	大般若波羅蜜多經六百卷（149）	11740511
0001-150列10	33	4121	大般若波羅蜜多經六百卷（150）	11740611
0001-151張01		4121	大般若波羅蜜多經六百卷（151）	11740711
0001-152張02	33	4154	大般若波羅蜜多經六百卷（152）	11740811
0001-153張03	32	4186	大般若波羅蜜多經六百卷（153）	11740911
0001-154張04	28	4214	大般若波羅蜜多經六百卷（154）	11741011
0001-155張05	29	4243	大般若波羅蜜多經六百卷（155）	11741111
0001-156張06	31	4274	大般若波羅蜜多經六百卷（156）	11741211
0001-157張07	31	4305	大般若波羅蜜多經六百卷（157）	11741311
0001-158張08	30	4335	大般若波羅蜜多經六百卷（158）	11741411
0001-159張09		4335	大般若波羅蜜多經六百卷（159）	11741511
0001-160張10	28	4363	大般若波羅蜜多經六百卷（160）	11741611
0001-161寒01		4363	大般若波羅蜜多經六百卷（161）	11741711
0001-162寒02		4363	大般若波羅蜜多經六百卷（162）	11741811
0001-163寒03		4363	大般若波羅蜜多經六百卷（163）	11741911
0001-164寒04		4363	大般若波羅蜜多經六百卷（164）	11742011
0001-165寒05	33	4396	大般若波羅蜜多經六百卷（165）	11742111
0001-166寒06		4396	大般若波羅蜜多經六百卷（166）	11742211
0001-167寒07		4396	大般若波羅蜜多經六百卷（167）	11742311
0001-168寒08		4396	大般若波羅蜜多經六百卷（168）	11742411
0001-169寒09		4396	大般若波羅蜜多經六百卷（169）	11742511
0001-170寒10		4396	大般若波羅蜜多經六百卷（170）	11742611
0001-171來01	34	4430	大般若波羅蜜多經六百卷（171）	11742711
0001-172來02	32	4462	大般若波羅蜜多經六百卷（172）	11742811
0001-173來03	32	4494	大般若波羅蜜多經六百卷（173）	11742911
0001-174來04	32	4526	大般若波羅蜜多經六百卷（174）	11743011
0001-175來05		4526	大般若波羅蜜多經六百卷（175）	11743111
0001-176來06	32	4558	大般若波羅蜜多經六百卷（176）	11743211
0001-177來07	35	4593	大般若波羅蜜多經六百卷（177）	11743311
0001-178來08	34	4627	大般若波羅蜜多經六百卷（178）	11743411
0001-179來09	37	4664	大般若波羅蜜多經六百卷（179）	11743511
0001-180來10	35	4699	大般若波羅蜜多經六百卷（180）	11743611
0001-181暑01	38	4737	大般若波羅蜜多經六百卷（181）	11743711
0001-182暑02	31	4768	大般若波羅蜜多經六百卷（182）	11743811
0001-183暑03	30	4798	大般若波羅蜜多經六百卷（183）	11743911
0001-184暑04	30	4828	大般若波羅蜜多經六百卷（184）	11744011
0001-185暑05	32	4860	大般若波羅蜜多經六百卷（185）	11744111
0001-186暑06	33	4893	大般若波羅蜜多經六百卷（186）	11744211
0001-187暑07		4893	大般若波羅蜜多經六百卷（187）	11744311
0001-188暑08		4893	大般若波羅蜜多經六百卷（188）	11744411
0001-189暑09	28	4921	大般若波羅蜜多經六百卷（189）	11744511
0001-190暑10	31	4952	大般若波羅蜜多經六百卷（190）	11744611
0001-191往01	31	4983	大般若波羅蜜多經六百卷（191）	11744711
0001-192往02	31	5014	大般若波羅蜜多經六百卷（192）	11744811
0001-193往03		5014	大般若波羅蜜多經六百卷（193）	11744911
0001-194往04	32	5046	大般若波羅蜜多經六百卷（194）	11745011
0001-195往05	33	5079	大般若波羅蜜多經六百卷（195）	11745111
0001-196往06	35	5114	大般若波羅蜜多經六百卷（196）	11745211
0001-197往07	31	5145	大般若波羅蜜多經六百卷（197）	11745311
0001-198往08	35	5180	大般若波羅蜜多經六百卷（198）	11745411
0001-199往09	33	5213	大般若波羅蜜多經六百卷（199）	11745511
0001-200往10		5213	大般若波羅蜜多經六百卷（200）	11745611
0001-201秋01	34	5247	大般若波羅蜜多經六百卷（201）	11745711
0001-202秋02	30	5277	大般若波羅蜜多經六百卷（202）	11745811
0001-203秋03	32	5309	大般若波羅蜜多經六百卷（203）	11745911
0001-204秋04	30	5339	大般若波羅蜜多經六百卷（204）	11746011
0001-205秋05	33	5372	大般若波羅蜜多經六百卷（205）	11746111
0001-206秋06	33	5405	大般若波羅蜜多經六百卷（206）	11746211
0001-207秋07	34	5439	大般若波羅蜜多經六百卷（207）	11746311
0001-208秋08	33	5472	大般若波羅蜜多經六百卷（208）	11746411
0001-209秋09	33	5505	大般若波羅蜜多經六百卷（209）	11746511
0001-210秋10	34	5539	大般若波羅蜜多經六百卷（210）	11746611
0001-211收01	38	5577	大般若波羅蜜多經六百卷（211）	11746711
0001-212收02		5577	大般若波羅蜜多經六百卷（212）	11746811
0001-213收03	32	5609	大般若波羅蜜多經六百卷（213）	11746911
0001-214收04	32	5641	大般若波羅蜜多經六百卷（214）	11747011
0001-215收05	30	5671	大般若波羅蜜多經六百卷（215）	11747111
0001-216收06	31	5702	大般若波羅蜜多經六百卷（216）	11747211
0001-217收07	32	5734	大般若波羅蜜多經六百卷（217）	11747311
0001-218收08		5734	大般若波羅蜜多經六百卷（218）	11747411
0001-219收09		5734	大般若波羅蜜多經六百卷（219）	11747511
0001-220收10		5734	大般若波羅蜜多經六百卷（220）	11747611
0001-221冬01		5734	大般若波羅蜜多經六百卷（221）	11747711
0001-222冬02	31	5765	大般若波羅蜜多經六百卷（222）	11747811
0001-223冬03	30	5795	大般若波羅蜜多經六百卷（223）	11747911
0001-224冬04	31	5826	大般若波羅蜜多經六百卷（224）	11748011
0001-225冬05	37	5863	大般若波羅蜜多經六百卷（225）	11748111
0001-226冬06	31	5894	大般若波羅蜜多經六百卷（226）	11748211
0001-227冬07	33	5927	大般若波羅蜜多經六百卷（227）	11748311
0001-228冬08	32	5959	大般若波羅蜜多經六百卷（228）	11748411
0001-229冬09	35	5994	大般若波羅蜜多經六百卷（229）	11748511
0001-230冬10	31	6025	大般若波羅蜜多經六百卷（230）	11748611
0001-231藏01	34	6059	大般若波羅蜜多經六百卷（231）	11748711
0001-232藏02	32	6091	大般若波羅蜜多經六百卷（232）	11748811
0001-233藏03	36	6127	大般若波羅蜜多經六百卷（233）	11748911
0001-234藏04	32	6159	大般若波羅蜜多經六百卷（234）	11749011
0001-235藏05	31	6190	大般若波羅蜜多經六百卷（235）	11749111
0001-236藏06	33	6223	大般若波羅蜜多經六百卷（236）	11749211
0001-237藏07	34	6257	大般若波羅蜜多經六百卷（237）	11749311
0001-238藏08	33	6290	大般若波羅蜜多經六百卷（238）	11749411
0001-239藏09	34	6324	大般若波羅蜜多經六百卷（239）	11749511
0001-240藏10		6324	大般若波羅蜜多經六百卷（240）	11749611
0001-241閏01		6324	大般若波羅蜜多經六百卷（241）	11749711
0001-242閏02	31	6355	大般若波羅蜜多經六百卷（242）	11749811
0001-243閏03	32	6387	大般若波羅蜜多經六百卷（243）	11749911
0001-244閏04	35	6422	大般若波羅蜜多經六百卷（244）	11750011
0001-245閏05	33	6455	大般若波羅蜜多經六百卷（245）	11750111
0001-246閏06	30	6485	大般若波羅蜜多經六百卷（246）	11750211
0001-247閏07	32	6517	大般若波羅蜜多經六百卷（247）	11750311
0001-248閏08	30	6547	大般若波羅蜜多經六百卷（248）	11750411
0001-249閏09	32	6579	大般若波羅蜜多經六百卷（249）	11750511
0001-250閏10	33	6612	大般若波羅蜜多經六百卷（250）	11750611
0001-251餘01	38	6650	大般若波羅蜜多經六百卷（251）	11750711
0001-252餘02	34	6684	大般若波羅蜜多經六百卷（252）	11750811
0001-253餘03	32	6716	大般若波羅蜜多經六百卷（253）	11750911
0001-254餘04	33	6749	大般若波羅蜜多經六百卷（254）	11751011
0001-255餘05	32	6781	大般若波羅蜜多經六百卷（255）	11751111
0001-256餘06	30	6811	大般若波羅蜜多經六百卷（256）	11751211
0001-257餘07	31	6842	大般若波羅蜜多經六百卷（257）	11751311
0001-258餘08	32	6874	大般若波羅蜜多經六百卷（258）	11751411
0001-259餘09	32	6906	大般若波羅蜜多經六百卷（259）	11751511
0001-260餘10	34	6940	大般若波羅蜜多經六百卷（260）	11751611
0001-261成01	34	6974	大般若波羅蜜多經六百卷（261）	11751711
0001-262成02		6974	大般若波羅蜜多經六百卷（262）	11751811
0001-263成03	33	7007	大般若波羅蜜多經六百卷（263）	11751911
0001-264成04		7007	大般若波羅蜜多經六百卷（264）	11752011
0001-265成05		7007	大般若波羅蜜多經六百卷（265）	11752111
0001-266成06	35	7042	大般若波羅蜜多經六百卷（266）	11752211
0001-267成07	31	7073	大般若波羅蜜多經六百卷（267）	11752311
0001-268成08	32	7105	大般若波羅蜜多經六百卷（268）	11752411
0001-269成09		7105	大般若波羅蜜多經六百卷（269）	11752511
0001-270成10	33	7138	大般若波羅蜜多經六百卷（270）	11752611
0001-271歲01		7138	大般若波羅蜜多經六百卷（271）	11752711
0001-272歲02	31	7169	大般若波羅蜜多經六百卷（272）	11752811
0001-273歲03	32	7201	大般若波羅蜜多經六百卷（273）	11752911
0001-274歲04	32	7233	大般若波羅蜜多經六百卷（274）	11753011
0001-275歲05	32	7265	大般若波羅蜜多經六百卷（275）	11753111
0001-276歲06	31	7296	大般若波羅蜜多經六百卷（276）	11753211
0001-277歲07	35	7331	大般若波羅蜜多經六百卷（277）	11753311
0001-278歲08	32	7363	大般若波羅蜜多經六百卷（278）	11753411
0001-279歲09	29	7392	大般若波羅蜜多經六百卷（279）	11753511
0001-280歲10		7392	大般若波羅蜜多經六百卷（280）	11753611
0001-281律01	38	7430	大般若波羅蜜多經六百卷（281）	11753711
0001-282律02	36	7466	大般若波羅蜜多經六百卷（282）	11753811
0001-283律03	37	7503	大般若波羅蜜多經六百卷（283）	11753911
0001-284律04	35	7538	大般若波羅蜜多經六百卷（284）	11754011
0001-285律05	31	7569	大般若波羅蜜多經六百卷（285）	11754111
0001-286律06	31	7600	大般若波羅蜜多經六百卷（286）	11754211
0001-287律07	31	7631	大般若波羅蜜多經六百卷（287）	11754311
0001-288律08	31	7662	大般若波羅蜜多經六百卷（288）	11754411
0001-289律09	29	7691	大般若波羅蜜多經六百卷（289）	11754511
0001-290律10	29	7720	大般若波羅蜜多經六百卷（290）	11754611
0001-291呂01	34	7754	大般若波羅蜜多經六百卷（291）	11754711
0001-292呂02	31	7785	大般若波羅蜜多經六百卷（292）	11754811
0001-293呂03	12	7797	大般若波羅蜜多經六百卷（293）	11754911
0001-294呂04	32	7829	大般若波羅蜜多經六百卷（294）	11755011
0001-295呂05	32	7861	大般若波羅蜜多經六百卷（295）	11755111
0001-296呂06	33	7894	大般若波羅蜜多經六百卷（296）	11755211
0001-297呂07	32	7926	大般若波羅蜜多經六百卷（297）	11755311
0001-298呂08	32	7958	大般若波羅蜜多經六百卷（298）	11755411
0001-299呂09	30	7988	大般若波羅蜜多經六百卷（299）	11755511
0001-300呂10	31	8019	大般若波羅蜜多經六百卷（300）	11755611
0001-301調01		8019	大般若波羅蜜多經六百卷（301）	11755711
0001-302調02	35	8054	大般若波羅蜜多經六百卷（302）	11755811
0001-303調03	38	8092	大般若波羅蜜多經六百卷（303）	11755911
0001-304調04	32	8124	大般若波羅蜜多經六百卷（304）	11756011
0001-305調05	31	8155	大般若波羅蜜多經六百卷（305）	11756111
0001-306調06	34	8189	大般若波羅蜜多經六百卷（306）	11756211
0001-307調07	35	8224	大般若波羅蜜多經六百卷（307）	11756311
0001-308調08		8224	大般若波羅蜜多經六百卷（308）	11756411
0001-309調09	32	8256	大般若波羅蜜多經六百卷（309）	11756511
0001-310調10	34	8290	大般若波羅蜜多經六百卷（310）	11756611
0001-311陽01		8290	大般若波羅蜜多經六百卷（311）	11756711
0001-312陽02		8290	大般若波羅蜜多經六百卷（312）	11756811
0001-313陽03		8290	大般若波羅蜜多經六百卷（313）	11756911
0001-314陽04		8290	大般若波羅蜜多經六百卷（314）	11757011
0001-315陽05	32	8322	大般若波羅蜜多經六百卷（315）	11757111
0001-316陽06		8322	大般若波羅蜜多經六百卷（316）	11757211
0001-317陽07	34	8356	大般若波羅蜜多經六百卷（317）	11757311
0001-318陽08	34	8390	大般若波羅蜜多經六百卷（318）	11757411
0001-319陽09	34	8424	大般若波羅蜜多經六百卷（319）	11757511
0001-320陽10		8424	大般若波羅蜜多經六百卷（320）	11757611
0001-321雲01		8424	大般若波羅蜜多經六百卷（321）	11757711
0001-322雲02	34	8458	大般若波羅蜜多經六百卷（322）	11757811
0001-323雲03	35	8493	大般若波羅蜜多經六百卷（323）	11757911
0001-324雲04	29	8522	大般若波羅蜜多經六百卷（324）	11758011
0001-325雲05	35	8557	大般若波羅蜜多經六百卷（325）	11758111
0001-326雲06	36	8593	大般若波羅蜜多經六百卷（326）	11758211
0001-327雲07	36	8629	大般若波羅蜜多經六百卷（327）	11758311
0001-328雲08	35	8664	大般若波羅蜜多經六百卷（328）	11758411
0001-329雲09	34	8698	大般若波羅蜜多經六百卷（329）	11758511
0001-330雲10	35	8733	大般若波羅蜜多經六百卷（330）	11758611
0001-331騰01	36	8769	大般若波羅蜜多經六百卷（331）	11758711
0001-332騰02	34	8803	大般若波羅蜜多經六百卷（332）	11758811
0001-333騰03	34	8837	大般若波羅蜜多經六百卷（333）	11758911
0001-334騰04	33	8870	大般若波羅蜜多經六百卷（334）	11759011
0001-335騰05	35	8905	大般若波羅蜜多經六百卷（335）	11759111
0001-336騰06	32	8937	大般若波羅蜜多經六百卷（336）	11759211
0001-337騰07	34	8971	大般若波羅蜜多經六百卷（337）	11759311
0001-338騰08	33	9004	大般若波羅蜜多經六百卷（338）	11759411
0001-339騰09	33	9037	大般若波羅蜜多經六百卷（339）	11759511
0001-340騰10	33	9070	大般若波羅蜜多經六百卷（340）	11759611
0001-341致01	39	9109	大般若波羅蜜多經六百卷（341）	11759711
0001-342致02	35	9144	大般若波羅蜜多經六百卷（342）	11759811
0001-343致03	32	9176	大般若波羅蜜多經六百卷（343）	11759911
0001-344致04	34	9210	大般若波羅蜜多經六百卷（344）	11760011
0001-345致05	32	9242	大般若波羅蜜多經六百卷（345）	11760111
0001-346致06	34	9276	大般若波羅蜜多經六百卷（346）	11760211
0001-347致07	34	9310	大般若波羅蜜多經六百卷（347）	11760311
0001-348致08	31	9341	大般若波羅蜜多經六百卷（348）	11760411
0001-349致09	33	9374	大般若波羅蜜多經六百卷（349）	11760511
0001-350致10	33	9407	大般若波羅蜜多經六百卷（350）	11760611
0001-351雨01	36	9443	大般若波羅蜜多經六百卷（351）	11760711
0001-352雨02	37	9480	大般若波羅蜜多經六百卷（352）	11760811
0001-353雨03	37	9517	大般若波羅蜜多經六百卷（353）	11760911
0001-354雨04	35	9552	大般若波羅蜜多經六百卷（354）	11761011
0001-355雨05	32	9584	大般若波羅蜜多經六百卷（355）	11761111
0001-356雨06	34	9618	大般若波羅蜜多經六百卷（356）	11761211
0001-357雨07	36	9654	大般若波羅蜜多經六百卷（357）	11761311
0001-358雨08	34	9688	大般若波羅蜜多經六百卷（358）	11761411
0001-359雨09	34	9722	大般若波羅蜜多經六百卷（359）	11761511
0001-360雨10	37	9759	大般若波羅蜜多經六百卷（360）	11761611
0001-361露01	34	9793	大般若波羅蜜多經六百卷（361）	11761711
0001-362露02	34	9827	大般若波羅蜜多經六百卷（362）	11761811
0001-363露03	34	9861	大般若波羅蜜多經六百卷（363）	11761911
0001-364露04	32	9893	大般若波羅蜜多經六百卷（364）	11762011
0001-365露05	31	9924	大般若波羅蜜多經六百卷（365）	11762111
0001-366露06	30	9954	大般若波羅蜜多經六百卷（366）	11762211
0001-367露07	33	9987	大般若波羅蜜多經六百卷（367）	11762311
0001-368露08	32	10019	大般若波羅蜜多經六百卷（368）	11762411
0001-369露09	34	10053	大般若波羅蜜多經六百卷（369）	11762511
0001-370露10	32	10085	大般若波羅蜜多經六百卷（370）	11762611
0001-371結01	35	10120	大般若波羅蜜多經六百卷（371）	11762711
0001-372結02		10120	大般若波羅蜜多經六百卷（372）	11762811
0001-373結03	34	10154	大般若波羅蜜多經六百卷（373）	11762911
0001-374結04	35	10189	大般若波羅蜜多經六百卷（374）	11763011
0001-375結05		10189	大般若波羅蜜多經六百卷（375）	11763111
0001-376結06	34	10223	大般若波羅蜜多經六百卷（376）	11763211
0001-377結07	33	10256	大般若波羅蜜多經六百卷（377）	11763311
0001-378結08	34	10290	大般若波羅蜜多經六百卷（378）	11763411
0001-379結09	33	10323	大般若波羅蜜多經六百卷（379）	11763511
0001-380結10		10323	大般若波羅蜜多經六百卷（380）	11763611
0001-381為01	36	10359	大般若波羅蜜多經六百卷（381）	11763711
0001-382為02	34	10393	大般若波羅蜜多經六百卷（382）	11763811
0001-383為03	33	10426	大般若波羅蜜多經六百卷（383）	11763911
0001-384為04	32	10458	大般若波羅蜜多經六百卷（384）	11764011
0001-385為05	32	10490	大般若波羅蜜多經六百卷（385）	11764111
0001-386為06	32	10522	大般若波羅蜜多經六百卷（386）	11764211
0001-387為07	32	10554	大般若波羅蜜多經六百卷（387）	11764311
0001-388為08		10554	大般若波羅蜜多經六百卷（388）	11764411
0001-389為09	31	10585	大般若波羅蜜多經六百卷（389）	11764511
0001-390為10	34	10619	大般若波羅蜜多經六百卷（390）	11764611
0001-391霜01	35	10654	大般若波羅蜜多經六百卷（391）	11764711
0001-392霜02	31	10685	大般若波羅蜜多經六百卷（392）	11764811
0001-393霜03	35	10720	大般若波羅蜜多經六百卷（393）	11764911
0001-394霜04	34	10754	大般若波羅蜜多經六百卷（394）	11765011
0001-395霜05		10754	大般若波羅蜜多經六百卷（395）	11765111
0001-396霜06	36	10790	大般若波羅蜜多經六百卷（396）	11765211
0001-397霜07	35	10825	大般若波羅蜜多經六百卷（397）	11765311
0001-398霜08	30	10855	大般若波羅蜜多經六百卷（398）	11765411
0001-399霜09	31	10886	大般若波羅蜜多經六百卷（399）	11765511
0001-400霜10	32	10918	大般若波羅蜜多經六百卷（400）	11765611
0001-401金01	41	10959	大般若波羅蜜多經六百卷（401）	11765711
0001-402金02	32	10991	大般若波羅蜜多經六百卷（402）	11765811
0001-403金03	33	11024	大般若波羅蜜多經六百卷（403）	11765911
0001-404金04	35	11059	大般若波羅蜜多經六百卷（404）	11766011
0001-405金05	32	11091	大般若波羅蜜多經六百卷（405）	11766111
0001-406金06	35	11126	大般若波羅蜜多經六百卷（406）	11766211
0001-407金07	36	11162	大般若波羅蜜多經六百卷（407）	11766311
0001-408金08	36	11198	大般若波羅蜜多經六百卷（408）	11766411
0001-409金09	35	11233	大般若波羅蜜多經六百卷（409）	11766511
0001-410金10	36	11269	大般若波羅蜜多經六百卷（410）	11766611
0001-411生01		11269	大般若波羅蜜多經六百卷（411）	11766711
0001-412生02		11269	大般若波羅蜜多經六百卷（412）	11766811
0001-413生03	34	11303	大般若波羅蜜多經六百卷（413）	11766911
0001-414生04		11303	大般若波羅蜜多經六百卷（414）	11767011
0001-415生05		11303	大般若波羅蜜多經六百卷（415）	11767111
0001-416生06	36	11339	大般若波羅蜜多經六百卷（416）	11767211
0001-417生07		11339	大般若波羅蜜多經六百卷（417）	11767311
0001-418生08		11339	大般若波羅蜜多經六百卷（418）	11767411
0001-419生09	33	11372	大般若波羅蜜多經六百卷（419）	11767511
0001-420生10		11372	大般若波羅蜜多經六百卷（420）	11767611
0001-421麗01	35	11407	大般若波羅蜜多經六百卷（421）	11767711
0001-422麗02	33	11440	大般若波羅蜜多經六百卷（422）	11767811
0001-423麗03	32	11472	大般若波羅蜜多經六百卷（423）	11767911
0001-424麗04	31	11503	大般若波羅蜜多經六百卷（424）	11768011
0001-425麗05	32	11535	大般若波羅蜜多經六百卷（425）	11768111
0001-426麗06		11535	大般若波羅蜜多經六百卷（426）	11768211
0001-427麗07		11535	大般若波羅蜜多經六百卷（427）	11768311
0001-428麗08	33	11568	大般若波羅蜜多經六百卷（428）	11768411
0001-429麗09	33	11601	大般若波羅蜜多經六百卷（429）	11768511
0001-430麗10	36	11637	大般若波羅蜜多經六百卷（430）	11768611
0001-431水01		11637	大般若波羅蜜多經六百卷（431）	11768711
0001-432水02		11637	大般若波羅蜜多經六百卷（432）	11768811
0001-433水03	32	11669	大般若波羅蜜多經六百卷（433）	11768911
0001-434水04	32	11701	大般若波羅蜜多經六百卷（434）	11769011
0001-435水05	34	11735	大般若波羅蜜多經六百卷（435）	11769111
0001-436水06	33	11768	大般若波羅蜜多經六百卷（436）	11769211
0001-437水07	36	11804	大般若波羅蜜多經六百卷（437）	11769311
0001-438水08	34	11838	大般若波羅蜜多經六百卷（438）	11769411
0001-439水09	32	11870	大般若波羅蜜多經六百卷（439）	11769511
0001-440水10	33	11903	大般若波羅蜜多經六百卷（440）	11769611
0001-441玉01	36	11939	大般若波羅蜜多經六百卷（441）	11769711
0001-442玉02	33	11972	大般若波羅蜜多經六百卷（442）	11769811
0001-443玉03	35	12007	大般若波羅蜜多經六百卷（443）	11769911
0001-444玉04	34	12041	大般若波羅蜜多經六百卷（444）	11770011
0001-445玉05	32	12073	大般若波羅蜜多經六百卷（445）	11770111
0001-446玉06	34	12107	大般若波羅蜜多經六百卷（446）	11770211
0001-447玉07	34	12141	大般若波羅蜜多經六百卷（447）	11770311
0001-448玉08	35	12176	大般若波羅蜜多經六百卷（448）	11770411
0001-449玉09	32	12208	大般若波羅蜜多經六百卷（449）	11770511
0001-450玉10	31	12239	大般若波羅蜜多經六百卷（450）	11770611
0001-451出01	35	12274	大般若波羅蜜多經六百卷（451）	11770711
0001-452出02		12274	大般若波羅蜜多經六百卷（452）	11770811
0001-453出03	32	12306	大般若波羅蜜多經六百卷（453）	11770911
0001-454出04	34	12340	大般若波羅蜜多經六百卷（454）	11771011
0001-455出05		12340	大般若波羅蜜多經六百卷（455）	11771111
0001-456出06	34	12374	大般若波羅蜜多經六百卷（456）	11771211
0001-457出07	33	12407	大般若波羅蜜多經六百卷（457）	11771311
0001-458出08	33	12440	大般若波羅蜜多經六百卷（458）	11771411
0001-459出09	35	12475	大般若波羅蜜多經六百卷（459）	11771511
0001-460出10		12475	大般若波羅蜜多經六百卷（460）	11771611
0001-461崑01	35	12510	大般若波羅蜜多經六百卷（461）	11771711
0001-462崑02	32	12542	大般若波羅蜜多經六百卷（462）	11771811
0001-463崑03	32	12574	大般若波羅蜜多經六百卷（463）	11771911
0001-464崑04	34	12608	大般若波羅蜜多經六百卷（464）	11772011
0001-465崑05	36	12644	大般若波羅蜜多經六百卷（465）	11772111
0001-466崑06	34	12678	大般若波羅蜜多經六百卷（466）	11772211
0001-467崑07	34	12712	大般若波羅蜜多經六百卷（467）	11772311
0001-468崑08	34	12746	大般若波羅蜜多經六百卷（468）	11772411
0001-469崑09	34	12780	大般若波羅蜜多經六百卷（469）	11772511
0001-470崑10	36	12816	大般若波羅蜜多經六百卷（470）	11772611
0001-471崗01	37	12853	大般若波羅蜜多經六百卷（471）	11772711
0001-472崗02	33	12886	大般若波羅蜜多經六百卷（472）	11772811
0001-473崗03	33	12919	大般若波羅蜜多經六百卷（473）	11772911
0001-474崗04	35	12954	大般若波羅蜜多經六百卷（474）	11773011
0001-475崗05	34	12988	大般若波羅蜜多經六百卷（475）	11773111
0001-476崗06	33	13021	大般若波羅蜜多經六百卷（476）	11773211
0001-477崗07	36	13057	大般若波羅蜜多經六百卷（477）	11773311
0001-478崗08	38	13095	大般若波羅蜜多經六百卷（478）	11773411
0001-479崗09	36	13131	大般若波羅蜜多經六百卷（479）	11773511
0001-480崗10	35	13166	大般若波羅蜜多經六百卷（480）	11773611
0001-481劍01	35	13201	大般若波羅蜜多經六百卷（481）	11773711
0001-482劍02		13201	大般若波羅蜜多經六百卷（482）	11773811
0001-483劍03		13201	大般若波羅蜜多經六百卷（483）	11773911
0001-484劍04	36	13237	大般若波羅蜜多經六百卷（484）	11774011
0001-485劍05	36	13273	大般若波羅蜜多經六百卷（485）	11774111
0001-486劍06		13273	大般若波羅蜜多經六百卷（486）	11774211
0001-487劍07	37	13310	大般若波羅蜜多經六百卷（487）	11774311
0001-488劍08		13310	大般若波羅蜜多經六百卷（488）	11774411
0001-489劍09	35	13345	大般若波羅蜜多經六百卷（489）	11774511
0001-490劍10	34	13379	大般若波羅蜜多經六百卷（490）	11774611
0001-491號01		13379	大般若波羅蜜多經六百卷（491）	11774711
0001-492號02	35	13414	大般若波羅蜜多經六百卷（492）	11774811
0001-493號03	32	13446	大般若波羅蜜多經六百卷（493）	11774911
0001-494號04	33	13479	大般若波羅蜜多經六百卷（494）	11775011
0001-495號05	33	13512	大般若波羅蜜多經六百卷（495）	11775111
0001-496號06	35	13547	大般若波羅蜜多經六百卷（496）	11775211
0001-497號07	34	13581	大般若波羅蜜多經六百卷（497）	11775311
0001-498號08	33	13614	大般若波羅蜜多經六百卷（498）	11775411
0001-499號09	34	13648	大般若波羅蜜多經六百卷（499）	11775511
0001-500號10	35	13683	大般若波羅蜜多經六百卷（500）	11775611
0001-501巨01	36	13719	大般若波羅蜜多經六百卷（501）	11775711
0001-502巨02	37	13756	大般若波羅蜜多經六百卷（502）	11775811
0001-503巨03	37	13793	大般若波羅蜜多經六百卷（503）	11775911
0001-504巨04	36	13829	大般若波羅蜜多經六百卷（504）	11776011
0001-505巨05	36	13865	大般若波羅蜜多經六百卷（505）	11776111
0001-506巨06	37	13902	大般若波羅蜜多經六百卷（506）	11776211
0001-507巨07	36	13938	大般若波羅蜜多經六百卷（507）	11776311
0001-508巨08	35	13973	大般若波羅蜜多經六百卷（508）	11776411
0001-509巨09	41	14014	大般若波羅蜜多經六百卷（509）	11776511
0001-510巨10	35	14049	大般若波羅蜜多經六百卷（510）	11776611
0001-511闕01	39	14088	大般若波羅蜜多經六百卷（511）	11776711
0001-512闕02	37	14125	大般若波羅蜜多經六百卷（512）	11776811
0001-513闕03	37	14162	大般若波羅蜜多經六百卷（513）	11776911
0001-514闕04	36	14198	大般若波羅蜜多經六百卷（514）	11777011
0001-515闕05	36	14234	大般若波羅蜜多經六百卷（515）	11777111
0001-516闕06	35	14269	大般若波羅蜜多經六百卷（516）	11777211
0001-517闕07	37	14306	大般若波羅蜜多經六百卷（517）	11777311
0001-518闕08	35	14341	大般若波羅蜜多經六百卷（518）	11777411
0001-519闕09	36	14377	大般若波羅蜜多經六百卷（519）	11777511
0001-520闕10	37	14414	大般若波羅蜜多經六百卷（520）	11777611
0001-521珠01	39	14453	大般若波羅蜜多經六百卷（521）	11777711
0001-522珠02	36	14489	大般若波羅蜜多經六百卷（522）	11777811
0001-523珠03	36	14525	大般若波羅蜜多經六百卷（523）	11777911
0001-524珠04	36	14561	大般若波羅蜜多經六百卷（524）	11778011
0001-525珠05	39	14600	大般若波羅蜜多經六百卷（525）	11778111
0001-526珠06	37	14637	大般若波羅蜜多經六百卷（526）	11778211
0001-527珠07	35	14672	大般若波羅蜜多經六百卷（527）	11778311
0001-528珠08	35	14707	大般若波羅蜜多經六百卷（528）	11778411
0001-529珠09	33	14740	大般若波羅蜜多經六百卷（529）	11778511
0001-530珠10	34	14774	大般若波羅蜜多經六百卷（530）	11778611
0001-531稱01	36	14810	大般若波羅蜜多經六百卷（531）	11778711
0001-532稱02	34	14844	大般若波羅蜜多經六百卷（532）	11778811
0001-533稱03	34	14878	大般若波羅蜜多經六百卷（533）	11778911
0001-534稱04	33	14911	大般若波羅蜜多經六百卷（534）	11779011
0001-535稱05	32	14943	大般若波羅蜜多經六百卷（535）	11779111
0001-536稱06		14943	大般若波羅蜜多經六百卷（536）	11779211
0001-537稱07	33	14976	大般若波羅蜜多經六百卷（537）	11779311
0001-538稱08	35	15011	大般若波羅蜜多經六百卷（538）	11779411
0001-539稱09	34	15045	大般若波羅蜜多經六百卷（539）	11779511
0001-540稱10	36	15081	大般若波羅蜜多經六百卷（540）	11779611
0001-541夜01		15081	大般若波羅蜜多經六百卷（541）	11779711
0001-542夜02	34	15115	大般若波羅蜜多經六百卷（542）	11779811
0001-543夜03	34	15149	大般若波羅蜜多經六百卷（543）	11779911
0001-544夜04	35	15184	大般若波羅蜜多經六百卷（544）	11780011
0001-545夜05	35	15219	大般若波羅蜜多經六百卷（545）	11780111
0001-546夜06	37	15256	大般若波羅蜜多經六百卷（546）	11780211
0001-547夜07	34	15290	大般若波羅蜜多經六百卷（547）	11780311
0001-548夜08	36	15326	大般若波羅蜜多經六百卷（548）	11780411
0001-549夜09	36	15362	大般若波羅蜜多經六百卷（549）	11780511
0001-550夜10	37	15399	大般若波羅蜜多經六百卷（550）	11780611
0001-551光01	39	15438	大般若波羅蜜多經六百卷（551）	11780711
0001-552光02	36	15474	大般若波羅蜜多經六百卷（552）	11780811
0001-553光03		15474	大般若波羅蜜多經六百卷（553）	11780911
0001-554光04		15474	大般若波羅蜜多經六百卷（554）	11781011
0001-555光05		15474	大般若波羅蜜多經六百卷（555）	11781111
0001-556光06	42	15516	大般若波羅蜜多經六百卷（556）	11781211
0001-557光07		15516	大般若波羅蜜多經六百卷（557）	11781311
0001-558光08	33	15549	大般若波羅蜜多經六百卷（558）	11781411
0001-559光09		15549	大般若波羅蜜多經六百卷（559）	11781511
0001-560光10	35	15584	大般若波羅蜜多經六百卷（560）	11781611
0001-561果01	36	15620	大般若波羅蜜多經六百卷（561）	11781711
0001-562果02	32	15652	大般若波羅蜜多經六百卷（562）	11781811
0001-563果03		15652	大般若波羅蜜多經六百卷（563）	11781911
0001-564果04		15652	大般若波羅蜜多經六百卷（564）	11782011
0001-565果05	33	15685	大般若波羅蜜多經六百卷（565）	11782111
0001-566果06		15685	大般若波羅蜜多經六百卷（566）	11782211
0001-567果07	33	15718	大般若波羅蜜多經六百卷（567）	11782311
0001-568果08	33	15751	大般若波羅蜜多經六百卷（568）	11782411
0001-569果09	35	15786	大般若波羅蜜多經六百卷（569）	11782511
0001-570果10	31	15817	大般若波羅蜜多經六百卷（570）	11782611
0001-571珍01	38	15855	大般若波羅蜜多經六百卷（571）	11782711
0001-572珍02	37	15892	大般若波羅蜜多經六百卷（572）	11782811
0001-573珍03		15892	大般若波羅蜜多經六百卷（573）	11782911
0001-574珍04	34	15926	大般若波羅蜜多經六百卷（574）	11783011
0001-575珍05	32	15958	大般若波羅蜜多經六百卷（575）	11783111
0001-576珍06		15958	大般若波羅蜜多經六百卷（576）	11783211
0001-577珍07		15958	大般若波羅蜜多經六百卷（577）	11783311
0001-578珍08	34	15992	大般若波羅蜜多經六百卷（578）	11783411
0001-579珍09	35	16027	大般若波羅蜜多經六百卷（579）	11783511
0001-580珍10	33	16060	大般若波羅蜜多經六百卷（580）	11783611
0001-581李01		16060	大般若波羅蜜多經六百卷（581）	11783711
0001-582李02		16060	大般若波羅蜜多經六百卷（582）	11783811
0001-583李03		16060	大般若波羅蜜多經六百卷（583）	11783911
0001-584李04		16060	大般若波羅蜜多經六百卷（584）	11784011
0001-585李05		16060	大般若波羅蜜多經六百卷（585）	11784111
0001-586李06		16060	大般若波羅蜜多經六百卷（586）	11784211
0001-587李07		16060	大般若波羅蜜多經六百卷（587）	11784311
0001-588李08		16060	大般若波羅蜜多經六百卷（588）	11784411
0001-589李09		16060	大般若波羅蜜多經六百卷（589）	11784511
0001-590李10	35	16095	大般若波羅蜜多經六百卷（590）	11784611
0001-591奈01	36	16131	大般若波羅蜜多經六百卷（591）	11784711
0001-592奈02	32	16163	大般若波羅蜜多經六百卷（592）	11784811
0001-593奈03	36	16199	大般若波羅蜜多經六百卷（593）	11784911
0001-594奈04	34	16233	大般若波羅蜜多經六百卷（594）	11785011
0001-595奈05		16233	大般若波羅蜜多經六百卷（595）	11785111
0001-596奈06	35	16268	大般若波羅蜜多經六百卷（596）	11785211
0001-597奈07	35	16303	大般若波羅蜜多經六百卷（597）	11785311
0001-598奈08	35	16338	大般若波羅蜜多經六百卷（598）	11785411
0001-599奈09	37	16375	大般若波羅蜜多經六百卷（599）	11785511
0001-600奈10	30	16405	大般若波羅蜜多經六百卷（600）	11785611
0002-001菜01	29	16434	放光般若波羅蜜經三十卷（01）	11785711
0002-002菜02	42	16476	放光般若波羅蜜經三十卷（02）	11785811
0002-003菜03	31	16507	放光般若波羅蜜經三十卷（03）	11785911
0002-004菜04	38	16545	放光般若波羅蜜經三十卷（04）	11786011
0002-005菜05	39	16584	放光般若波羅蜜經三十卷（05）	11786111
0002-006菜06	32	16616	放光般若波羅蜜經三十卷（06）	11786211
0002-007菜07	28	16644	放光般若波羅蜜經三十卷（07）	11786311
0002-008菜08	33	16677	放光般若波羅蜜經三十卷（08）	11786411
0002-009菜09	31	16708	放光般若波羅蜜經三十卷（09）	11786511
0002-010菜10	53	16761	放光般若波羅蜜經三十卷（10）	11786611
0002-011重01		16761	放光般若波羅蜜經三十卷（11）	11786711
0002-012重02		16761	放光般若波羅蜜經三十卷（12）	11786811
0002-013重03	30	16791	放光般若波羅蜜經三十卷（13）	11786911
0002-014重04		16791	放光般若波羅蜜經三十卷（14）	11787011
0002-015重05		16791	放光般若波羅蜜經三十卷（15）	11787111
0002-016重06		16791	放光般若波羅蜜經三十卷（16）	11787211
0002-017重07		16791	放光般若波羅蜜經三十卷（17）	11787311
0002-018重08		16791	放光般若波羅蜜經三十卷（18）	11787411
0002-019重09		16791	放光般若波羅蜜經三十卷（19）	11787511
0002-020重10		16791	放光般若波羅蜜經三十卷（20）	11787611
0002-021芥01	19	16810	放光般若波羅蜜經三十卷（21）	11787711
0002-022芥02	33	16843	放光般若波羅蜜經三十卷（22）	11787811
0002-023芥03	33	16876	放光般若波羅蜜經三十卷（23）	11787911
0002-024芥04	32	16908	放光般若波羅蜜經三十卷（24）	11788011
0002-025芥05	32	16940	放光般若波羅蜜經三十卷（25）	11788111
0002-026芥06	33	16973	放光般若波羅蜜經三十卷（26）	11788211
0002-027芥07	33	17006	放光般若波羅蜜經三十卷（27）	11788311
0002-028芥08	33	17039	放光般若波羅蜜經三十卷（28）	11788411
0002-029芥09	28	17067	放光般若波羅蜜經三十卷（29）	11788511
0002-030芥10	28	17095	放光般若波羅蜜經三十卷（30）	11788611
0003-001薑01		17095	摩訶般若波羅蜜經三十卷（01）	11788711
0003-002薑02	45	17140	摩訶般若波羅蜜經三十卷（02）	11788811
0003-003薑03	39	17179	摩訶般若波羅蜜經三十卷（03）	11788911
0003-004薑04	47	17226	摩訶般若波羅蜜經三十卷（04）	11789011
0003-005薑05	34	17260	摩訶般若波羅蜜經三十卷（05）	11789111
0003-006薑06	45	17305	摩訶般若波羅蜜經三十卷（06）	11789211
0003-007薑07	36	17341	摩訶般若波羅蜜經三十卷（07）	11789311
0003-008薑08	48	17389	摩訶般若波羅蜜經三十卷（08）	11789411
0003-009薑09	41	17430	摩訶般若波羅蜜經三十卷（09）	11789511
0003-010薑10	42	17472	摩訶般若波羅蜜經三十卷（10）	11789611
0003-011海01	33	17505	摩訶般若波羅蜜經三十卷（11）	11789711
0003-012海02	32	17537	摩訶般若波羅蜜經三十卷（12）	11789811
0003-013海03	35	17572	摩訶般若波羅蜜經三十卷（13）	11789911
0003-014海04	39	17611	摩訶般若波羅蜜經三十卷（14）	11790011
0003-015海05	42	17653	摩訶般若波羅蜜經三十卷（15）	11790111
0003-016海06	45	17698	摩訶般若波羅蜜經三十卷（16）	11790211
0003-017海07	40	17738	摩訶般若波羅蜜經三十卷（17）	11790311
0003-018海08	39	17777	摩訶般若波羅蜜經三十卷（18）	11790411
0003-019海09	47	17824	摩訶般若波羅蜜經三十卷（19）	11790511
0003-020海10	38	17862	摩訶般若波羅蜜經三十卷（20）	11790611
0003-021咸01		17862	摩訶般若波羅蜜經三十卷（21）	11790711
0003-022咸02		17862	摩訶般若波羅蜜經三十卷（22）	11790811
0003-023咸03		17862	摩訶般若波羅蜜經三十卷（23）	11790911
0003-024咸04		17862	摩訶般若波羅蜜經三十卷（24）	11791011
0003-025咸05		17862	摩訶般若波羅蜜經三十卷（25）	11791111
0003-026咸06		17862	摩訶般若波羅蜜經三十卷（26）	11791211
0003-027咸07		17862	摩訶般若波羅蜜經三十卷（27）	11791311
0003-028咸08		17862	摩訶般若波羅蜜經三十卷（28）	11791411
0003-029咸09		17862	摩訶般若波羅蜜經三十卷（29）	11791511
0003-030咸10		17862	摩訶般若波羅蜜經三十卷（30）	11791611
0004-001河01	36	17898	光讃般若波羅蜜經十卷（01）	11791711
0004-002河02	52	17950	光讃般若波羅蜜經十卷（02）	11791811
0004-003河03	26	17976	光讃般若波羅蜜經十卷（03）	11791911
0004-004河04	37	18013	光讃般若波羅蜜經十卷（04）	11792011
0004-005河05	30	18043	光讃般若波羅蜜經十卷（05）	11792111
0004-006河06	35	18078	光讃般若波羅蜜經十卷（06）	11792211
0004-007河07	34	18112	光讃般若波羅蜜經十卷（07）	11792311
0004-008河08	37	18149	光讃般若波羅蜜經十卷（08）	11792411
0004-009河09	35	18184	光讃般若波羅蜜經十卷（09）	11792511
0004-010河10	33	18217	光讃般若波羅蜜經十卷（10）	11792611
0005-001淡01	39	18256	道行般若波羅蜜經十卷（01）	11792711
0005-002淡02	43	18299	道行般若波羅蜜經十卷（02）	11792811
0005-003淡03	34	18333	道行般若波羅蜜經十卷（03）	11792911
0005-004淡04	31	18364	道行般若波羅蜜經十卷（04）	11793011
0005-005淡05		18364	道行般若波羅蜜經十卷（05）	11793111
0005-006淡06	31	18395	道行般若波羅蜜經十卷（06）	11793211
0005-007淡07	30	18425	道行般若波羅蜜經十卷（07）	11793311
0005-008淡08	34	18459	道行般若波羅蜜經十卷（08）	11793411
0005-009淡09	30	18489	道行般若波羅蜜經十卷（09）	11793511
0005-010淡10	27	18516	道行般若波羅蜜經十卷（10）	11793611
0006-001鱗01	32	18548	小品般若波羅蜜經十卷（01）	11793711
0006-002鱗02	30	18578	小品般若波羅蜜經十卷（02）	11793811
0006-003鱗03	34	18612	小品般若波羅蜜經十卷（03）	11793911
0006-004鱗04	35	18647	小品般若波羅蜜經十卷（04）	11794011
0006-005鱗05	40	18687	小品般若波羅蜜經十卷（05）	11794111
0006-006鱗06	28	18715	小品般若波羅蜜經十卷（06）	11794211
0006-007鱗07	31	18746	小品般若波羅蜜經十卷（07）	11794311
0006-008鱗08	24	18770	小品般若波羅蜜經十卷（08）	11794411
0006-009鱗09	21	18791	小品般若波羅蜜經十卷（09）	11794511
0006-010鱗10	40	18831	小品般若波羅蜜經十卷（10）	11794611
0007-001潛01	32	18863	摩訶般若波羅蜜鈔經五卷（01）	11794711
0007-002潛02	38	18901	摩訶般若波羅蜜鈔經五卷（02）	11794811
0007-003潛03	33	18934	摩訶般若波羅蜜鈔經五卷（03）	11794911
0007-004潛04	39	18973	摩訶般若波羅蜜鈔經五卷（04）	11795011
0007-005潛05	33	19006	摩訶般若波羅蜜鈔經五卷（05）	11795111
0008-001潛06	51	19057	大明度無極經六卷（01-02）	11795211
0008-002潛07	35	19092	大明度無極經六卷（03）	11795311
0008-003潛08	31	19123	大明度無極經六卷（04）	11795411
0008-004潛09	31	19154	大明度無極經六卷（05）	11795511
0008-005潛10	33	19187	大明度無極經六卷（06）	11795611
0009-001羽01	45	19232	勝天王般若波羅蜜經七卷（01）	11795711
0009-002羽02	44	19276	勝天王般若波羅蜜經七卷（02）	11795811
0009-003羽03	36	19312	勝天王般若波羅蜜經七卷（03）	11795911
0009-004羽04	32	19344	勝天王般若波羅蜜經七卷（04）	11796011
0009-005羽05	32	19376	勝天王般若波羅蜜經七卷（05）	11796111
0009-006羽06	28	19404	勝天王般若波羅蜜經七卷（06）	11796211
0009-007羽07	31	19435	勝天王般若波羅蜜經七卷（07）	11796311
0010a-001羽08	26	19461	金剛般若波羅蜜經一卷	11796411
0010b-001羽09	28	19489	金剛般若波羅蜜經一卷	11796511
0010c-001羽10	30	19519	金剛般若波羅蜜經一卷	11796611
0011a-001翔01	38	19557	能斷金剛般若波羅蜜多經一卷	11796711
0011b-001翔02	23	19580	能斷金剛般若波羅蜜多經一卷	11796811
0012-001翔03	31	19611	金剛能斷般若波羅蜜經一卷	11796911
0013-001翔04	30	19641	佛說濡首菩薩無上清淨分衛經二卷（01）	11797011
0013-002翔05	27	19668	佛說濡首菩薩無上清淨分衛經二卷（02）	11797111
0014-001翔06	30	19698	仁王護國般若波羅蜜經二卷（01）	11797211
0014-002翔07	25	19723	仁王護國般若波羅蜜經二卷（02）	11797311
0017-001翔08	20	19743	①實相般若波羅蜜經一卷②摩訶般若波羅蜜大明咒經一卷③般若波羅蜜多心經一卷	11797411
0018-001翔09	40	19783	文殊師利所說摩訶般若波羅蜜經一卷	11797511
0019-001翔10	38	19821	文殊師利所說般若波羅蜜經一卷	11797611
0020-001龍01	31	19852	大寶積經一百二十卷（01）	11797711
0020-002龍02		19852	大寶積經一百二十卷（02）	11797811
0020-003龍03		19852	大寶積經一百二十卷（03）	11797911
0020-004龍04	34	19886	大寶積經一百二十卷（04）	11798011
0020-005龍05	35	19921	大寶積經一百二十卷（05）	11798111
0020-006龍06		19921	大寶積經一百二十卷（06）	11798211
0020-007龍07	34	19955	大寶積經一百二十卷（07）	11798311
0020-008龍08		19955	大寶積經一百二十卷（08）	11798411
0020-009龍09	35	19990	大寶積經一百二十卷（09）	11798511
0020-010龍10		19990	大寶積經一百二十卷（10）	11798611
0020-011師01	33	20023	大寶積經一百二十卷（11）	11798711
0020-012師02	29	20052	大寶積經一百二十卷（12）	11798811
0020-013師03	36	20088	大寶積經一百二十卷（13）	11798911
0020-014師04	31	20119	大寶積經一百二十卷（14）	11799011
0020-015師05	31	20150	大寶積經一百二十卷（15）	11799111
0020-016師06	33	20183	大寶積經一百二十卷（16）	11799211
0020-017師07	30	20213	大寶積經一百二十卷（17）	11799311
0020-018師08	32	20245	大寶積經一百二十卷（18）	11799411
0020-019師09	32	20277	大寶積經一百二十卷（19）	11799511
0020-020師10	35	20312	大寶積經一百二十卷（20）	11799611
0020-021火01	39	20351	大寶積經一百二十卷（21）	11799711
0020-022火02		20351	大寶積經一百二十卷（22）	11799811
0020-023火03		20351	大寶積經一百二十卷（23）	11799911
0020-024火04		20351	大寶積經一百二十卷（24）	11800011
0020-025火05	32	20383	大寶積經一百二十卷（25）	11800111
0020-026火06	26	20409	大寶積經一百二十卷（26）	11800211
0020-027火07	26	20435	大寶積經一百二十卷（27）	11800311
0020-028火08	46	20481	大寶積經一百二十卷（28）	11800411
0020-029火09	24	20505	大寶積經一百二十卷（29）	11800511
0020-030火10	31	20536	大寶積經一百二十卷（30）	11800611
0020-031帝01	34	20570	大寶積經一百二十卷（31）	11800711
0020-032帝02	32	20602	大寶積經一百二十卷（32）	11800811
0020-033帝03	31	20633	大寶積經一百二十卷（33）	11800911
0020-034帝04	33	20666	大寶積經一百二十卷（34）	11801011
0020-035帝05	46	20712	大寶積經一百二十卷（35）	11801111
0020-036帝06	31	20743	大寶積經一百二十卷（36）	11801211
0020-037帝07	42	20785	大寶積經一百二十卷（37）	11801311
0020-038帝08	48	20833	大寶積經一百二十卷（38）	11801411
0020-039帝09	33	20866	大寶積經一百二十卷（39）	11801511
0020-040帝10	30	20896	大寶積經一百二十卷（40）	11801611
0020-041鳥01		20896	大寶積經一百二十卷（41）	11801711
0020-042鳥02		20896	大寶積經一百二十卷（42）	11801811
0020-043鳥03		20896	大寶積經一百二十卷（43）	11801911
0020-044鳥04		20896	大寶積經一百二十卷（44）	11802011
0020-045鳥05		20896	大寶積經一百二十卷（45）	11802111
0020-046鳥06		20896	大寶積經一百二十卷（46）	11802211
0020-047鳥07	40	20936	大寶積經一百二十卷（47）	11802311
0020-048鳥08		20936	大寶積經一百二十卷（48）	11802411
0020-049鳥09		20936	大寶積經一百二十卷（49）	11802511
0020-050鳥10	33	20969	大寶積經一百二十卷（50）	11802611
0020-051官01	34	21003	大寶積經一百二十卷（51）	11802711
0020-052官02	38	21041	大寶積經一百二十卷（52）	11802811
0020-053官03	38	21079	大寶積經一百二十卷（53）	11802911
0020-054官04	38	21117	大寶積經一百二十卷（54）	11803011
0020-055官05	28	21145	大寶積經一百二十卷（55）	11803111
0020-056官06	30	21175	大寶積經一百二十卷（56）	11803211
0020-057官07	35	21210	大寶積經一百二十卷（57）	11803311
0020-058官08	27	21237	大寶積經一百二十卷（58）	11803411
0020-059官09		21237	大寶積經一百二十卷（59）	11803511
0020-060官10	28	21265	大寶積經一百二十卷（60）	11803611
0020-061人01	32	21297	大寶積經一百二十卷（61）	11803711
0020-062人02	36	21333	大寶積經一百二十卷（62）	11803811
0020-063人03	34	21367	大寶積經一百二十卷（63）	11803911
0020-064人04		21367	大寶積經一百二十卷（64）	11804011
0020-065人05	25	21392	大寶積經一百二十卷（65）	11804111
0020-066人06		21392	大寶積經一百二十卷（66）	11804211
0020-067人07		21392	大寶積經一百二十卷（67）	11804311
0020-068人08	28	21420	大寶積經一百二十卷（68）	11804411
0020-069人09		21420	大寶積經一百二十卷（69）	11804511
0020-070人10		21420	大寶積經一百二十卷（70）	11804611
0020-071皇01	56	21476	大寶積經一百二十卷（71）	11804711
0020-072皇02		21476	大寶積經一百二十卷（72）	11804811
0020-073皇03	30	21506	大寶積經一百二十卷（73）	11804911
0020-074皇04		21506	大寶積經一百二十卷（74）	11805011
0020-075皇05	28	21534	大寶積經一百二十卷（75）	11805111
0020-076皇06	37	21571	大寶積經一百二十卷（76）	11805211
0020-077皇07	49	21620	大寶積經一百二十卷（77）	11805311
0020-078皇08	38	21658	大寶積經一百二十卷（78）	11805411
0020-079皇09	41	21699	大寶積經一百二十卷（79）	11805511
0020-080皇10	47	21746	大寶積經一百二十卷（80）	11805611
0020-081始01	42	21788	大寶積經一百二十卷（81）	11805711
0020-082始02	50	21838	大寶積經一百二十卷（82）	11805811
0020-083始03	17	21855	大寶積經一百二十卷（83）	11805911
0020-084始04	19	21874	大寶積經一百二十卷（84）	11806011
0020-085始05		21874	大寶積經一百二十卷（85）	11806111
0020-086始06	28	21902	大寶積經一百二十卷（86）	11806211
0020-087始07	25	21927	大寶積經一百二十卷（87）	11806311
0020-088始08	36	21963	大寶積經一百二十卷（88）	11806411
0020-089始09	40	22003	大寶積經一百二十卷（89）	11806511
0020-090始10		22003	大寶積經一百二十卷（90）	11806611
0020-091制01		22003	大寶積經一百二十卷（91）	11806711
0020-092制02		22003	大寶積經一百二十卷（92）	11806811
0020-093制03		22003	大寶積經一百二十卷（93）	11806911
0020-094制04		22003	大寶積經一百二十卷（94）	11807011
0020-095制05		22003	大寶積經一百二十卷（95）	11807111
0020-096制06		22003	大寶積經一百二十卷（96）	11807211
0020-097制07		22003	大寶積經一百二十卷（97）	11807311
0020-098制08		22003	大寶積經一百二十卷（98）	11807411
0020-099制09		22003	大寶積經一百二十卷（99）	11807511
0020-100制10		22003	大寶積經一百二十卷（100）	11807611
0020-101文01	41	22044	大寶積經一百二十卷（101）	11807711
0020-102文02	31	22075	大寶積經一百二十卷（102）	11807811
0020-103文03	33	22108	大寶積經一百二十卷（103）	11807911
0020-104文04		22108	大寶積經一百二十卷（104）	11808011
0020-105文05	35	22143	大寶積經一百二十卷（105）	11808111
0020-106文06	35	22178	大寶積經一百二十卷（106）	11808211
0020-107文07		22178	大寶積經一百二十卷（107）	11808311
0020-108文08	29	22207	大寶積經一百二十卷（108）	11808411
0020-109文09	33	22240	大寶積經一百二十卷（109）	11808511
0020-110文10	34	22274	大寶積經一百二十卷（110）	11808611
0020-111字01	50	22324	大寶積經一百二十卷（111）	11808711
0020-112字02		22324	大寶積經一百二十卷（112）	11808811
0020-113字03		22324	大寶積經一百二十卷（113）	11808911
0020-114字04	24	22348	大寶積經一百二十卷（114）	11809011
0020-115字05		22348	大寶積經一百二十卷（115）	11809111
0020-116字06		22348	大寶積經一百二十卷（116）	11809211
0020-117字07		22348	大寶積經一百二十卷（117）	11809311
0020-118字08	45	22393	大寶積經一百二十卷（118）	11809411
0020-119字09		22393	大寶積經一百二十卷（119）	11809511
0020-120字10		22393	大寶積經一百二十卷（120）	11809611
0021-001乃01	28	22421	大方廣三戒經三卷（01）	11809711
0021-002乃02	34	22455	大方廣三戒經三卷（02）	11809811
0021-003乃03	37	22492	大方廣三戒經三卷（03）	11809911
0022-001乃04	46	22538	佛說無量清淨平等覺經三卷（01）	11810011
0022-002乃05	38	22576	佛說無量清淨平等覺經三卷（02）	11810111
0022-003乃06	39	22615	佛說無量清淨平等覺經三卷（03）	11810211
0023-001乃07	57	22672	佛說阿彌陀經二卷（01）	11810311
0023-002乃08	48	22720	佛說阿彌陀經二卷（02）	11810411
0024-001乃09	35	22755	佛說無量壽經二卷（01）	11810511
0024-002乃10	39	22794	佛說無量壽經二卷（02）	11810611
0025-001服01		22794	佛說阿閦佛國經三卷（01）	11810711
0025-002服02		22794	佛說阿閦佛國經三卷（02）	11810811
0025-003服03		22794	佛說阿閦佛國經三卷（03）	11810911
0026-001服04		22794	佛說大乘十法經一卷	11811011
0027-001服05		22794	佛說普門品經一卷	11811111
0028-001服06		22794	文殊師利佛土嚴淨經二卷（01）	11811211
0028-002服07		22794	文殊師利佛土嚴淨經二卷（02）	11811311
0029-001服08		22794	佛說胞胎經一卷	11811411
0030-001服09		22794	佛說法鏡經二卷（01）	11811511
0030-002服10		22794	佛說法鏡經二卷（02）	11811611
0031-001衣01	49	22843	鬱迦羅越問菩薩行經一卷	11811711
0032-001衣02	36	22879	幻士仁賢經一卷	11811811
0033-001衣03	33	22912	佛說決定毗尼經一卷	11811911
0034-001衣04	32	22944	發覺淨心經二卷（01）	11812011
0034-002衣05	23	22967	發覺淨心經二卷（02）	11812111
0036-001衣06	43	23010	①佛說優填王經一卷②佛說須摩提經一卷③佛說須摩提菩薩經一卷	11812211
0038-001衣07	46	23056	佛說離垢施女經一卷	11812311
0039-001衣08	35	23091	佛說阿闍世王女阿術達菩薩經一卷	11812411
0040a-001衣09	28	23119	佛說須賴經一卷	11812511
0040b-001衣10	38	23157	佛說須賴經一卷	11812611
0041-001裳01	53	23210	得無垢女經一卷	11812711
0042-001裳02	22	23232	文殊師利所說不思議佛境界經二卷（01）	11812811
0042-002裳03	25	23257	文殊師利所說不思議佛境界經二卷（02）	11812911
0043-001裳04	45	23302	佛說如幻三昧經三卷（01）	11813011
0043-002裳05	40	23342	佛說如幻三昧經三卷（02）	11813111
0043-003裳06	29	23371	佛說如幻三昧經三卷（03）	11813211
0044-001裳07	35	23406	善住意天子所問經三卷（01）	11813311
0044-002裳08	37	23443	善住意天子所問經三卷（02）	11813411
0044-003裳09	39	23482	善住意天子所問經三卷（03）	11813511
0047-001裳10	34	23516	①太子刷護經一卷②太子和休經一卷③入法界體性經一卷	11813611
0048-001推01	32	23548	慧上菩薩問大善權經二卷（01）	11813711
0048-002推02	28	23576	慧上菩薩問大善權經二卷（02）	11813811
0049-001推03		23576	大乘顯識經二卷（01）	11813911
0049-002推04	28	23604	大乘顯識經二卷（02）	11814011
0052-001推05	39	23643	①佛說大乘方等要慧經一卷②彌勒菩薩所問本願經一卷③度一切諸佛境界智嚴經一卷	11814111
0053-001推06	31	23674	佛遺日摩尼寶經一卷	11814211
0054-001推07	40	23714	佛說摩訶衍寶嚴經一卷	11814311
0055-001推08	36	23750	勝鬘師子吼一乘大方便方廣經一卷	11814411
0056-001推09	32	23782	毗耶娑問經二卷（01）	11814511
0056-002推10	32	23814	毗耶娑問經二卷（02）	11814611
0057-001位01	45	23859	大方等大集經三十卷（01）	11814711
0057-002位02	33	23892	大方等大集經三十卷（02）	11814811
0057-003位03	46	23938	大方等大集經三十卷（03）	11814911
0057-004位04	38	23976	大方等大集經三十卷（04）	11815011
0057-005位05	33	24009	大方等大集經三十卷（05）	11815111
0057-006位06	40	24049	大方等大集經三十卷（06）	11815211
0057-007位07	37	24086	大方等大集經三十卷（07）	11815311
0057-008位08	38	24124	大方等大集經三十卷（08）	11815411
0057-009位09	53	24177	大方等大集經三十卷（09）	11815511
0057-010位10	37	24214	大方等大集經三十卷（10）	11815611
0057-011讓01	47	24261	大方等大集經三十卷（11）	11815711
0057-012讓02	43	24304	大方等大集經三十卷（12）	11815811
0057-013讓03		24304	大方等大集經三十卷（13）	11815911
0057-014讓04	38	24342	大方等大集經三十卷（14）	11816011
0057-015讓05	45	24387	大方等大集經三十卷（15）	11816111
0057-016讓06	35	24422	大方等大集經三十卷（16）	11816211
0057-017讓07	55	24477	大方等大集經三十卷（17）	11816311
0057-018讓08	55	24532	大方等大集經三十卷（18）	11816411
0057-019讓09	34	24566	大方等大集經三十卷（19）	11816511
0057-020讓10		24566	大方等大集經三十卷（20）	11816611
0057-021國01	44	24610	大方等大集經三十卷（21）	11816711
0057-022國02	35	24645	大方等大集經三十卷（22）	11816811
0057-023國03	49	24694	大方等大集經三十卷（23）	11816911
0057-024國04	38	24732	大方等大集經三十卷（24）	11817011
0057-025國05	28	24760	大方等大集經三十卷（25）	11817111
0057-026國06	34	24794	大方等大集經三十卷（26）	11817211
0057-027國07	31	24825	大方等大集經三十卷（27）	11817311
0057-028國08	37	24862	大方等大集經三十卷（28）	11817411
0057-029國09	40	24902	大方等大集經三十卷（29）	11817511
0057-030國10	39	24941	大方等大集經三十卷（30）	11817611
0058-001有01	39	24980	大乘大方等日藏經十卷（01）	11817711
0058-002有02	37	25017	大乘大方等日藏經十卷（02）	11817811
0058-003有03	32	25049	大乘大方等日藏經十卷（03）	11817911
0058-004有04	30	25079	大乘大方等日藏經十卷（04）	11818011
0058-005有05	43	25122	大乘大方等日藏經十卷（05）	11818111
0058-006有06	43	25165	大乘大方等日藏經十卷（06）	11818211
0058-007有07	38	25203	大乘大方等日藏經十卷（07）	11818311
0058-008有08	45	25248	大乘大方等日藏經十卷（08）	11818411
0058-009有09	47	25295	大乘大方等日藏經十卷（09）	11818511
0058-010有10	46	25341	大乘大方等日藏經十卷（10）	11818611
0059-001虞01	35	25376	大方等大集月藏經十卷（01）	11818711
0059-002虞02	45	25421	大方等大集月藏經十卷（02）	11818811
0059-003虞03	41	25462	大方等大集月藏經十卷（03）	11818911
0059-004虞04	33	25495	大方等大集月藏經十卷（04）	11819011
0059-005虞05	37	25532	大方等大集月藏經十卷（05）	11819111
0059-006虞06	38	25570	大方等大集月藏經十卷（06）	11819211
0059-007虞07	49	25619	大方等大集月藏經十卷（07）	11819311
0059-008虞08	53	25672	大方等大集月藏經十卷（08）	11819411
0059-009虞09	47	25719	大方等大集月藏經十卷（09）	11819511
0059-010虞10	54	25773	大方等大集月藏經十卷（10）	11819611
0060-001陶01	46	25819	大乘大集地藏十輪經十卷（01）	11819711
0060-002陶02	40	25859	大乘大集地藏十輪經十卷（02）	11819811
0060-003陶03	28	25887	大乘大集地藏十輪經十卷（03）	11819911
0060-004陶04	33	25920	大乘大集地藏十輪經十卷（04）	11820011
0060-005陶05	34	25954	大乘大集地藏十輪經十卷（05）	11820111
0060-006陶06	31	25985	大乘大集地藏十輪經十卷（06）	11820211
0060-007陶07	33	26018	大乘大集地藏十輪經十卷（07）	11820311
0060-008陶08	30	26048	大乘大集地藏十輪經十卷（08）	11820411
0060-009陶09	31	26079	大乘大集地藏十輪經十卷（09）	11820511
0060-010陶10	30	26109	大乘大集地藏十輪經十卷（10）	11820611
0061-001唐01	31	26140	佛說大方廣十輪經八卷（01）	11820711
0061-002唐02	27	26167	佛說大方廣十輪經八卷（02）	11820811
0061-003唐03	34	26201	佛說大方廣十輪經八卷（03）	11820911
0061-004唐04	32	26233	佛說大方廣十輪經八卷（04）	11821011
0061-005唐05		26233	佛說大方廣十輪經八卷（05）	11821111
0061-006唐06	27	26260	佛說大方廣十輪經八卷（06）	11821211
0061-007唐07	27	26287	佛說大方廣十輪經八卷（07）	11821311
0061-008唐08	24	26311	佛說大方廣十輪經八卷（08）	11821411
0062-001唐09	39	26350	大集須彌藏經二卷（01）	11821511
0062-002唐10	38	26388	大集須彌藏經二卷（02）	11821611
0063-001弔01		26388	虛空孕菩薩經二卷（01）	11821711
0063-002弔02	30	26418	虛空孕菩薩經二卷（02）	11821811
0064-001弔03	52	26470	虛空藏菩薩經一卷	11821911
0066-001弔04	38	26508	①虛空藏菩薩神咒經一卷②觀虛空藏菩薩經一卷	11822011
0067-001弔05	36	26544	佛說菩薩念佛三昧經六卷（01）	11822111
0067-002弔06	26	26570	佛說菩薩念佛三昧經六卷（02）	11822211
0067-003弔07	34	26604	佛說菩薩念佛三昧經六卷（03）	11822311
0067-004弔08	31	26635	佛說菩薩念佛三昧經六卷（04）	11822411
0067-005弔09	34	26669	佛說菩薩念佛三昧經六卷（05）	11822511
0067-006弔10	34	26703	佛說菩薩念佛三昧經六卷（06）	11822611
0068-001民01	26	26729	佛說大方等大集菩薩念佛三昧經十卷（01）	11822711
0068-002民02		26729	佛說大方等大集菩薩念佛三昧經十卷（02）	11822811
0068-003民03	29	26758	佛說大方等大集菩薩念佛三昧經十卷（03）	11822911
0068-004民04	27	26785	佛說大方等大集菩薩念佛三昧經十卷（04）	11823011
0068-005民05	26	26811	佛說大方等大集菩薩念佛三昧經十卷（05）	11823111
0068-006民06	27	26838	佛說大方等大集菩薩念佛三昧經十卷（06）	11823211
0068-007民07	28	26866	佛說大方等大集菩薩念佛三昧經十卷（07）	11823311
0068-008民08	23	26889	佛說大方等大集菩薩念佛三昧經十卷（08）	11823411
0068-009民09	29	26918	佛說大方等大集菩薩念佛三昧經十卷（09）	11823511
0068-010民10	25	26943	佛說大方等大集菩薩念佛三昧經十卷（10）	11823611
0069-001伐01	35	26978	般舟三昧經三卷（01）	11823711
0069-002伐02		26978	般舟三昧經三卷（02）	11823811
0069-003伐03	31	27009	般舟三昧經三卷（03）	11823911
0070-001伐04	27	27036	阿差末菩薩經七卷（01）	11824011
0070-002伐05	28	27064	阿差末菩薩經七卷（02）	11824111
0070-003伐06	27	27091	阿差末菩薩經七卷（03）	11824211
0070-004伐07	28	27119	阿差末菩薩經七卷（04）	11824311
0070-005伐08	25	27144	阿差末菩薩經七卷（05）	11824411
0070-006伐09	26	27170	阿差末菩薩經七卷（06）	11824511
0070-007伐10	23	27193	阿差末菩薩經七卷（07）	11824611
0071-001罪01	31	27224	大方等大集賢護經五卷（01）	11824711
0071-002罪02	30	27254	大方等大集賢護經五卷（02）	11824811
0071-003罪03	30	27284	大方等大集賢護經五卷（03）	11824911
0071-004罪04	37	27321	大方等大集賢護經五卷（04）	11825011
0071-005罪05	35	27356	大方等大集賢護經五卷（05）	11825111
0072-001罪06	28	27384	拔陂菩薩經一卷	11825211
0073-001罪07	47	27431	無盡意菩薩經四卷（01）	11825311
0073-002罪08	44	27475	無盡意菩薩經四卷（02）	11825411
0073-003罪09	38	27513	無盡意菩薩經四卷（03）	11825511
0073-004罪10	44	27557	無盡意菩薩經四卷（04）	11825611
0074-001周01	39	27596	大集譬喻王經二卷（01）	11825711
0074-002周02	31	27627	大集譬喻王經二卷（02）	11825811
0075-001周03		27627	大哀經八卷（01）	11825911
0075-002周04	36	27663	大哀經八卷（02）	11826011
0075-003周05		27663	大哀經八卷（03）	11826111
0075-004周06	23	27686	大哀經八卷（04）	11826211
0075-005周07	26	27712	大哀經八卷（05）	11826311
0075-006周08		27712	大哀經八卷（06）	11826411
0075-007周09		27712	大哀經八卷（07）	11826511
0075-008周10	35	27747	大哀經八卷（08）	11826611
0076-001發01	36	27783	寶女所問經四卷（01）	11826711
0076-002發02	27	27810	寶女所問經四卷（02）	11826811
0076-003發03	38	27848	寶女所問經四卷（03）	11826911
0076-004發04	28	27876	寶女所問經四卷（04）	11827011
0077-001發05		27876	無言童子經二卷（01）	11827111
0077-002發06		27876	無言童子經二卷（02）	11827211
0078-001發07		27876	自在王菩薩經二卷（01）	11827311
0078-002發08		27876	自在王菩薩經二卷（02）	11827411
0079-001發09		27876	奮迅王問經二卷（01）	11827511
0079-002發10	39	27915	奮迅王問經二卷（02）	11827611
0080-001殷01	29	27944	寶星陀羅尼經八卷（01）	11827711
0080-002殷02	31	27975	寶星陀羅尼經八卷（02）	11827811
0080-003殷03	33	28008	寶星陀羅尼經八卷（03）	11827911
0080-004殷04	31	28039	寶星陀羅尼經八卷（04）	11828011
0080-005殷05	27	28066	寶星陀羅尼經八卷（05）	11828111
0080-006殷06	39	28105	寶星陀羅尼經八卷（06）	11828211
0080-007殷07	39	28144	寶星陀羅尼經八卷（07）	11828311
0080-008殷08	36	28180	寶星陀羅尼經八卷（08）	11828411
0081-001殷09	33	28213	度諸佛境界智光嚴經一卷	11828511
0082-001殷10	34	28247	大乘金剛髻珠菩薩修行分經一卷	11828611
0083-001湯01	34	28281	大方廣佛華嚴經六十卷（01）	11828711
0083-002湯02	30	28311	大方廣佛華嚴經六十卷（02）	11828811
0083-003湯03	40	28351	大方廣佛華嚴經六十卷（03）	11828911
0083-004湯04	43	28394	大方廣佛華嚴經六十卷（04）	11829011
0083-005湯05	35	28429	大方廣佛華嚴經六十卷（05）	11829111
0083-006湯06		28429	大方廣佛華嚴經六十卷（06）	11829211
0083-007湯07		28429	大方廣佛華嚴經六十卷（07）	11829311
0083-008湯08	46	28475	大方廣佛華嚴經六十卷（08）	11829411
0083-009湯09	42	28517	大方廣佛華嚴經六十卷（09）	11829511
0083-010湯10	26	28543	大方廣佛華嚴經六十卷（10）	11829611
0083-011坐01		28543	大方廣佛華嚴經六十卷（11）	11829711
0083-012坐02	32	28575	大方廣佛華嚴經六十卷（12）	11829811
0083-013坐03		28575	大方廣佛華嚴經六十卷（13）	11829911
0083-014坐04	38	28613	大方廣佛華嚴經六十卷（14）	11830011
0083-015坐05		28613	大方廣佛華嚴經六十卷（15）	11830111
0083-016坐06		28613	大方廣佛華嚴經六十卷（16）	11830211
0083-017坐07	36	28649	大方廣佛華嚴經六十卷（17）	11830311
0083-018坐08	34	28683	大方廣佛華嚴經六十卷（18）	11830411
0083-019坐09	38	28721	大方廣佛華嚴經六十卷（19）	11830511
0083-020坐10	48	28769	大方廣佛華嚴經六十卷（20）	11830611
0083-021朝01	37	28806	大方廣佛華嚴經六十卷（21）	11830711
0083-022朝02	37	28843	大方廣佛華嚴經六十卷（22）	11830811
0083-023朝03	41	28884	大方廣佛華嚴經六十卷（23）	11830911
0083-024朝04	36	28920	大方廣佛華嚴經六十卷（24）	11831011
0083-025朝05	35	28955	大方廣佛華嚴經六十卷（25）	11831111
0083-026朝06	33	28988	大方廣佛華嚴經六十卷（26）	11831211
0083-027朝07	36	29024	大方廣佛華嚴經六十卷（27）	11831311
0083-028朝08	37	29061	大方廣佛華嚴經六十卷（28）	11831411
0083-029朝09	31	29092	大方廣佛華嚴經六十卷（29）	11831511
0083-030朝10		29092	大方廣佛華嚴經六十卷（30）	11831611
0083-031問01	35	29127	大方廣佛華嚴經六十卷（31）	11831711
0083-032問02		29127	大方廣佛華嚴經六十卷（32）	11831811
0083-033問03	35	29162	大方廣佛華嚴經六十卷（33）	11831911
0083-034問04	44	29206	大方廣佛華嚴經六十卷（34）	11832011
0083-035問05	34	29240	大方廣佛華嚴經六十卷（35）	11832111
0083-036問06		29240	大方廣佛華嚴經六十卷（36）	11832211
0083-037問07		29240	大方廣佛華嚴經六十卷（37）	11832311
0083-038問08		29240	大方廣佛華嚴經六十卷（38）	11832411
0083-039問09		29240	大方廣佛華嚴經六十卷（39）	11832511
0083-040問10		29240	大方廣佛華嚴經六十卷（40）	11832611
0083-041道01		29240	大方廣佛華嚴經六十卷（41）	11832711
0083-042道02		29240	大方廣佛華嚴經六十卷（42）	11832811
0083-043道03	34	29274	大方廣佛華嚴經六十卷（43）	11832911
0083-044道04		29274	大方廣佛華嚴經六十卷（44）	11833011
0083-045道05		29274	大方廣佛華嚴經六十卷（45）	11833111
0083-046道06	45	29319	大方廣佛華嚴經六十卷（46）	11833211
0083-047道07		29319	大方廣佛華嚴經六十卷（47）	11833311
0083-048道08		29319	大方廣佛華嚴經六十卷（48）	11833411
0083-049道09		29319	大方廣佛華嚴經六十卷（49）	11833511
0083-050道10	38	29357	大方廣佛華嚴經六十卷（50）	11833611
0083-051垂01	36	29393	大方廣佛華嚴經六十卷（51）	11833711
0083-052垂02	34	29427	大方廣佛華嚴經六十卷（52）	11833811
0083-053垂03		29427	大方廣佛華嚴經六十卷（53）	11833911
0083-054垂04	45	29472	大方廣佛華嚴經六十卷（54）	11834011
0083-055垂05	49	29521	大方廣佛華嚴經六十卷（55）	11834111
0083-056垂06		29521	大方廣佛華嚴經六十卷（56）	11834211
0083-057垂07	45	29566	大方廣佛華嚴經六十卷（57）	11834311
0083-058垂08	46	29612	大方廣佛華嚴經六十卷（58）	11834411
0083-059垂09	45	29657	大方廣佛華嚴經六十卷（59）	11834511
0083-060垂10	44	29701	大方廣佛華嚴經六十卷（60）	11834611
0084-001拱01		29701	大方廣佛華嚴經八十卷（01）	11834711
0084-002拱02		29701	大方廣佛華嚴經八十卷（02）	11834811
0084-003拱03		29701	大方廣佛華嚴經八十卷（03）	11834911
0084-004拱04		29701	大方廣佛華嚴經八十卷（04）	11835011
0084-005拱05		29701	大方廣佛華嚴經八十卷（05）	11835111
0084-006拱06	37	29738	大方廣佛華嚴經八十卷（06）	11835211
0084-007拱07	37	29775	大方廣佛華嚴經八十卷（07）	11835311
0084-008拱08		29775	大方廣佛華嚴經八十卷（08）	11835411
0084-009拱09	30	29805	大方廣佛華嚴經八十卷（09）	11835511
0084-010拱10	27	29832	大方廣佛華嚴經八十卷（10）	11835611
0084-011平01		29832	大方廣佛華嚴經八十卷（11）	11835711
0084-012平02	29	29861	大方廣佛華嚴經八十卷（12）	11835811
0084-013平03	37	29898	大方廣佛華嚴經八十卷（13）	11835911
0084-014平04	35	29933	大方廣佛華嚴經八十卷（14）	11836011
0084-015平05		29933	大方廣佛華嚴經八十卷（15）	11836111
0084-016平06	42	29975	大方廣佛華嚴經八十卷（16）	11836211
0084-017平07	42	30017	大方廣佛華嚴經八十卷（17）	11836311
0084-018平08	25	30042	大方廣佛華嚴經八十卷（18）	11836411
0084-019平09	36	30078	大方廣佛華嚴經八十卷（19）	11836511
0084-020平10	34	30112	大方廣佛華嚴經八十卷（20）	11836611
0084-021章01	27	30139	大方廣佛華嚴經八十卷（21）	11836711
0084-022章02	37	30176	大方廣佛華嚴經八十卷（22）	11836811
0084-023章03	35	30211	大方廣佛華嚴經八十卷（23）	11836911
0084-024章04	34	30245	大方廣佛華嚴經八十卷（24）	11837011
0084-025章05	33	30278	大方廣佛華嚴經八十卷（25）	11837111
0084-026章06	33	30311	大方廣佛華嚴經八十卷（26）	11837211
0084-027章07	36	30347	大方廣佛華嚴經八十卷（27）	11837311
0084-028章08	42	30389	大方廣佛華嚴經八十卷（28）	11837411
0084-029章09	25	30414	大方廣佛華嚴經八十卷（29）	11837511
0084-030章10	29	30443	大方廣佛華嚴經八十卷（30）	11837611
0084-031愛01	38	30481	大方廣佛華嚴經八十卷（31）	11837711
0084-032愛02	24	30505	大方廣佛華嚴經八十卷（32）	11837811
0084-033愛03	26	30531	大方廣佛華嚴經八十卷（33）	11837911
0084-034愛04	36	30567	大方廣佛華嚴經八十卷（34）	11838011
0084-035愛05	28	30595	大方廣佛華嚴經八十卷（35）	11838111
0084-036愛06	26	30621	大方廣佛華嚴經八十卷（36）	11838211
0084-037愛07	32	30653	大方廣佛華嚴經八十卷（37）	11838311
0084-038愛08	38	30691	大方廣佛華嚴經八十卷（38）	11838411
0084-039愛09	38	30729	大方廣佛華嚴經八十卷（39）	11838511
0084-040愛10	26	30755	大方廣佛華嚴經八十卷（40）	11838611
0084-041育01	27	30782	大方廣佛華嚴經八十卷（41）	11838711
0084-042育02	30	30812	大方廣佛華嚴經八十卷（42）	11838811
0084-043育03		30812	大方廣佛華嚴經八十卷（43）	11838911
0084-044育04	41	30853	大方廣佛華嚴經八十卷（44）	11839011
0084-045育05	30	30883	大方廣佛華嚴經八十卷（45）	11839111
0084-046育06		30883	大方廣佛華嚴經八十卷（46）	11839211
0084-047育07	32	30915	大方廣佛華嚴經八十卷（47）	11839311
0084-048育08	38	30953	大方廣佛華嚴經八十卷（48）	11839411
0084-049育09		30953	大方廣佛華嚴經八十卷（49）	11839511
0084-050育10	38	30991	大方廣佛華嚴經八十卷（50）	11839611
0084-051黎01		30991	大方廣佛華嚴經八十卷（51）	11839711
0084-052黎02	33	31024	大方廣佛華嚴經八十卷（52）	11839811
0084-053黎03	31	31055	大方廣佛華嚴經八十卷（53）	11839911
0084-054黎04	31	31086	大方廣佛華嚴經八十卷（54）	11840011
0084-055黎05	31	31117	大方廣佛華嚴經八十卷（55）	11840111
0084-056黎06	35	31152	大方廣佛華嚴經八十卷（56）	11840211
0084-057黎07	34	31186	大方廣佛華嚴經八十卷（57）	11840311
0084-058黎08	37	31223	大方廣佛華嚴經八十卷（58）	11840411
0084-059黎09	40	31263	大方廣佛華嚴經八十卷（59）	11840511
0084-060黎10	45	31308	大方廣佛華嚴經八十卷（60）	11840611
0084-061首01	33	31341	大方廣佛華嚴經八十卷（61）	11840711
0084-062首02	33	31374	大方廣佛華嚴經八十卷（62）	11840811
0084-063首03	34	31408	大方廣佛華嚴經八十卷（63）	11840911
0084-064首04	32	31440	大方廣佛華嚴經八十卷（64）	11841011
0084-065首05	33	31473	大方廣佛華嚴經八十卷（65）	11841111
0084-066首06	39	31512	大方廣佛華嚴經八十卷（66）	11841211
0084-067首07	35	31547	大方廣佛華嚴經八十卷（67）	11841311
0084-068首08	40	31587	大方廣佛華嚴經八十卷（68）	11841411
0084-069首09	33	31620	大方廣佛華嚴經八十卷（69）	11841511
0084-070首10	34	31654	大方廣佛華嚴經八十卷（70）	11841611
0084-071臣01	44	31698	大方廣佛華嚴經八十卷（71）	11841711
0084-072臣02	31	31729	大方廣佛華嚴經八十卷（72）	11841811
0084-073臣03	33	31762	大方廣佛華嚴經八十卷（73）	11841911
0084-074臣04	24	31786	大方廣佛華嚴經八十卷（74）	11842011
0084-075臣05	44	31830	大方廣佛華嚴經八十卷（75）	11842111
0084-076臣06	37	31867	大方廣佛華嚴經八十卷（76）	11842211
0084-077臣07	46	31913	大方廣佛華嚴經八十卷（77）	11842311
0084-078臣08	41	31954	大方廣佛華嚴經八十卷（78）	11842411
0084-079臣09	27	31981	大方廣佛華嚴經八十卷（79）	11842511
0084-080臣10	36	32017	大方廣佛華嚴經八十卷（80）	11842611
0085-001伏01	28	32045	大方廣佛華嚴經四十卷（01）	11842711
0085-002伏02		32045	大方廣佛華嚴經四十卷（02）	11842811
0085-003伏03		32045	大方廣佛華嚴經四十卷（03）	11842911
0085-004伏04		32045	大方廣佛華嚴經四十卷（04）	11843011
0085-005伏05	31	32076	大方廣佛華嚴經四十卷（05）	11843111
0085-006伏06	30	32106	大方廣佛華嚴經四十卷（06）	11843211
0085-007伏07		32106	大方廣佛華嚴經四十卷（07）	11843311
0085-008伏08		32106	大方廣佛華嚴經四十卷（08）	11843411
0085-009伏09		32106	大方廣佛華嚴經四十卷（09）	11843511
0085-010伏10	33	32139	大方廣佛華嚴經四十卷（10）	11843611
0085-011戎01		32139	大方廣佛華嚴經四十卷（11）	11843711
0085-012戎02		32139	大方廣佛華嚴經四十卷（12）	11843811
0085-013戎03		32139	大方廣佛華嚴經四十卷（13）	11843911
0085-014戎04		32139	大方廣佛華嚴經四十卷（14）	11844011
0085-015戎05		32139	大方廣佛華嚴經四十卷（15）	11844111
0085-016戎06		32139	大方廣佛華嚴經四十卷（16）	11844211
0085-017戎07		32139	大方廣佛華嚴經四十卷（17）	11844311
0085-018戎08		32139	大方廣佛華嚴經四十卷（18）	11844411
0085-019戎09		32139	大方廣佛華嚴經四十卷（19）	11844511
0085-020戎10		32139	大方廣佛華嚴經四十卷（20）	11844611
0085-021羌01		32139	大方廣佛華嚴經四十卷（21）	11844711
0085-022羌02	23	32162	大方廣佛華嚴經四十卷（22）	11844811
0085-023羌03	27	32189	大方廣佛華嚴經四十卷（23）	11844911
0085-024羌04	32	32221	大方廣佛華嚴經四十卷（24）	11845011
0085-025羌05	29	32250	大方廣佛華嚴經四十卷（25）	11845111
0085-026羌06	32	32282	大方廣佛華嚴經四十卷（26）	11845211
0085-027羌07	32	32314	大方廣佛華嚴經四十卷（27）	11845311
0085-028羌08	26	32340	大方廣佛華嚴經四十卷（28）	11845411
0085-029羌09	32	32372	大方廣佛華嚴經四十卷（29）	11845511
0085-030羌10	33	32405	大方廣佛華嚴經四十卷（30）	11845611
0085-031遐01	23	32428	大方廣佛華嚴經四十卷（31）	11845711
0085-032遐02	31	32459	大方廣佛華嚴經四十卷（32）	11845811
0085-033遐03	29	32488	大方廣佛華嚴經四十卷（33）	11845911
0085-034遐04	30	32518	大方廣佛華嚴經四十卷（34）	11846011
0085-035遐05	32	32550	大方廣佛華嚴經四十卷（35）	11846111
0085-036遐06	31	32581	大方廣佛華嚴經四十卷（36）	11846211
0085-037遐07	24	32605	大方廣佛華嚴經四十卷（37）	11846311
0085-038遐08	30	32635	大方廣佛華嚴經四十卷（38）	11846411
0085-039遐09	28	32663	大方廣佛華嚴經四十卷（39）	11846511
0085-040遐10	33	32696	大方廣佛華嚴經四十卷（40）	11846611
0086-001邇01	39	32735	信力入印法門經五卷（01）	11846711
0086-002邇02		32735	信力入印法門經五卷（02）	11846811
0086-003邇03	38	32773	信力入印法門經五卷（03）	11846911
0086-004邇04	36	32809	信力入印法門經五卷（04）	11847011
0086-005邇05	39	32848	信力入印法門經五卷（05）	11847111
0087-001邇06		32848	佛華嚴入如來德智不思議境界經一卷	11847211
0088-001邇07	37	32885	佛說如來興顯經四卷（01）	11847311
0088-002邇08	35	32920	佛說如來興顯經四卷（02）	11847411
0088-003邇09	36	32956	佛說如來興顯經四卷（03）	11847511
0088-004邇10	33	32989	佛說如來興顯經四卷（04）	11847611
0091-001壹01	45	33034	①大方廣入如來智德不思議經一卷②大方廣佛華嚴經修慈分一卷③顯無邊佛土功德經一卷	11847711
0093-001壹02		33034	①大方廣佛華嚴經不思議佛境界分一卷②大方廣如來不思議境界經一卷	11847811
0096-001壹03	44	33078	①大方廣普賢所說經一卷②莊嚴菩提心經一卷③佛說菩薩本業經一卷	11847911
0099-001壹04		33078	①大方廣佛華嚴經續入法界品一卷②佛說兜沙經一卷③大方廣菩薩十地經一卷	11848011
0100-001壹05	36	33114	度世品經六卷（01）	11848111
0100-002壹06	41	33155	度世品經六卷（02）	11848211
0100-003壹07	38	33193	度世品經六卷（03）	11848311
0100-004壹08	40	33233	度世品經六卷（04）	11848411
0100-005壹09		33233	度世品經六卷（05）	11848511
0100-006壹10	44	33277	度世品經六卷（06）	11848611
0101-001體01	39	33316	十住經六卷（01）	11848711
0101-002體02	29	33345	十住經六卷（02）	11848811
0101-003體03	39	33384	十住經六卷（03）	11848911
0101-004體04	38	33422	十住經六卷（04）	11849011
0101-005體05		33422	十住經六卷（05）	11849111
0101-006體06	29	33451	十住經六卷（06）	11849211
0102-001體07	35	33486	佛說羅摩伽經四卷（01）	11849311
0102-002體08	36	33522	佛說羅摩伽經四卷（02）	11849411
0102-003體09		33522	佛說羅摩伽經四卷（03）	11849511
0102-004體10	38	33560	佛說羅摩伽經四卷（04）	11849611
0105-001率01	46	33606	①諸菩薩求佛本業經一卷②菩薩十住行道品經一卷③佛說菩薩十住經一卷	11849711
0106-001率02	42	33648	漸備一切智德經五卷（01）	11849811
0106-002率03	43	33691	漸備一切智德經五卷（02）	11849911
0106-003率04	50	33741	漸備一切智德經五卷（03）	11850011
0106-004率05	43	33784	漸備一切智德經五卷（04）	11850111
0106-005率06	43	33827	漸備一切智德經五卷（05）	11850211
0107-001率07		33827	等目菩薩所問三昧經三卷（01）	11850311
0107-002率08		33827	等目菩薩所問三昧經三卷（02）	11850411
0107-003率09	41	33868	等目菩薩所問三昧經三卷（03）	11850511
0108-001率10		33868	文殊師利問菩薩署經一卷	11850611
0109-001賓01	39	33907	大般涅盤經四十卷（01）	11850711
0109-002賓02	43	33950	大般涅盤經四十卷（02）	11850811
0109-003賓03	37	33987	大般涅盤經四十卷（03）	11850911
0109-004賓04	31	34018	大般涅盤經四十卷（04）	11851011
0109-005賓05	39	34057	大般涅盤經四十卷（05）	11851111
0109-006賓06	36	34093	大般涅盤經四十卷（06）	11851211
0109-007賓07	37	34130	大般涅盤經四十卷（07）	11851311
0109-008賓08	40	34170	大般涅盤經四十卷（08）	11851411
0109-009賓09	33	34203	大般涅盤經四十卷（09）	11851511
0109-010賓10	38	34241	大般涅盤經四十卷（10）	11851611
0109-011歸01	41	34282	大般涅盤經四十卷（11）	11851711
0109-012歸02		34282	大般涅盤經四十卷（12）	11851811
0109-013歸03		34282	大般涅盤經四十卷（13）	11851911
0109-014歸04		34282	大般涅盤經四十卷（14）	11852011
0109-015歸05	36	34318	大般涅盤經四十卷（15）	11852111
0109-016歸06	33	34351	大般涅盤經四十卷（16）	11852211
0109-017歸07		34351	大般涅盤經四十卷（17）	11852311
0109-018歸08		34351	大般涅盤經四十卷（18）	11852411
0109-019歸09		34351	大般涅盤經四十卷（19）	11852511
0109-020歸10		34351	大般涅盤經四十卷（20）	11852611
0109-021王01		34351	大般涅盤經四十卷（21）	11852711
0109-022王02	35	34386	大般涅盤經四十卷（22）	11852811
0109-023王03	35	34421	大般涅盤經四十卷（23）	11852911
0109-024王04	39	34460	大般涅盤經四十卷（24）	11853011
0109-025王05		34460	大般涅盤經四十卷（25）	11853111
0109-026王06		34460	大般涅盤經四十卷（26）	11853211
0109-027王07	39	34499	大般涅盤經四十卷（27）	11853311
0109-028王08	34	34533	大般涅盤經四十卷（28）	11853411
0109-029王09	37	34570	大般涅盤經四十卷（29）	11853511
0109-030王10	38	34608	大般涅盤經四十卷（30）	11853611
0109-031鳴01	41	34649	大般涅盤經四十卷（31）	11853711
0109-032鳴02		34649	大般涅盤經四十卷（32）	11853811
0109-033鳴03	39	34688	大般涅盤經四十卷（33）	11853911
0109-034鳴04	33	34721	大般涅盤經四十卷（34）	11854011
0109-035鳴05	33	34754	大般涅盤經四十卷（35）	11854111
0109-036鳴06	34	34788	大般涅盤經四十卷（36）	11854211
0109-037鳴07	33	34821	大般涅盤經四十卷（37）	11854311
0109-038鳴08	33	34854	大般涅盤經四十卷（38）	11854411
0109-039鳴09	31	34885	大般涅盤經四十卷（39）	11854511
0109-040鳴10	35	34920	大般涅盤經四十卷（40）	11854611
0110-001鳳01	42	34962	南本大般涅盤經三十六卷（01）	11854711
0110-002鳳02	42	35004	南本大般涅盤經三十六卷（02）	11854811
0110-003鳳03	36	35040	南本大般涅盤經三十六卷（03）	11854911
0110-004鳳04	30	35070	南本大般涅盤經三十六卷（04）	11855011
0110-005鳳05		35070	南本大般涅盤經三十六卷（05）	11855111
0110-006鳳06	36	35106	南本大般涅盤經三十六卷（06）	11855211
0110-007鳳07	29	35135	南本大般涅盤經三十六卷（07）	11855311
0110-008鳳08	48	35183	南本大般涅盤經三十六卷（08）	11855411
0110-009鳳09	46	35229	南本大般涅盤經三十六卷（09）	11855511
0110-010鳳10	48	35277	南本大般涅盤經三十六卷（10）	11855611
0110-011在01		35277	南本大般涅盤經三十六卷（11）	11855711
0110-012在02	33	35310	南本大般涅盤經三十六卷（12）	11855811
0110-013在03		35310	南本大般涅盤經三十六卷（13）	11855911
0110-014在04		35310	南本大般涅盤經三十六卷（14）	11856011
0110-015在05	44	35354	南本大般涅盤經三十六卷（15）	11856111
0110-016在06		35354	南本大般涅盤經三十六卷（16）	11856211
0110-017在07		35354	南本大般涅盤經三十六卷（17）	11856311
0110-018在08	33	35387	南本大般涅盤經三十六卷（18）	11856411
0110-019在09		35387	南本大般涅盤經三十六卷（19）	11856511
0110-020在10	36	35423	南本大般涅盤經三十六卷（20）	11856611
0110-021樹01	32	35455	南本大般涅盤經三十六卷（21）	11856711
0110-022樹02		35455	南本大般涅盤經三十六卷（22）	11856811
0110-023樹03	44	35499	南本大般涅盤經三十六卷（23）	11856911
0110-024樹04	29	35528	南本大般涅盤經三十六卷（24）	11857011
0110-025樹05	35	35563	南本大般涅盤經三十六卷（25）	11857111
0110-026樹06	44	35607	南本大般涅盤經三十六卷（26）	11857211
0110-027樹07	37	35644	南本大般涅盤經三十六卷（27）	11857311
0110-028樹08	37	35681	南本大般涅盤經三十六卷（28）	11857411
0110-029樹09	38	35719	南本大般涅盤經三十六卷（29）	11857511
0110-030樹10		35719	南本大般涅盤經三十六卷（30）	11857611
0110-031白01	54	35773	南本大般涅盤經三十六卷（31）	11857711
0110-032白02	46	35819	南本大般涅盤經三十六卷（32）	11857811
0110-033白03	42	35861	南本大般涅盤經三十六卷（33）	11857911
0110-034白04	42	35903	南本大般涅盤經三十六卷（34）	11858011
0110-035白05	38	35941	南本大般涅盤經三十六卷（35）	11858111
0110-036白06	41	35982	南本大般涅盤經三十六卷（36）	11858211
0111-001白07		35982	大般涅盤經後分二卷（01）	11858311
0111-002白08	37	36019	大般涅盤經後分二卷（02）	11858411
0112-001白09	50	36069	佛說方等般泥洹經二卷（01）	11858511
0112-002白10	44	36113	佛說方等般泥洹經二卷（02）	11858611
0113-001駒01	37	36150	大悲經五卷（01）	11858711
0113-002駒02	38	36188	大悲經五卷（02）	11858811
0113-003駒03	35	36223	大悲經五卷（03）	11858911
0113-004駒04	31	36254	大悲經五卷（04）	11859011
0113-005駒05	31	36285	大悲經五卷（05）	11859111
0114-001駒06	31	36316	大般涅盤經三卷（01）	11859211
0114-002駒07	34	36350	大般涅盤經三卷（02）	11859311
0114-003駒08		36350	大般涅盤經三卷（03）	11859411
0115-001駒09	45	36395	佛說方等泥洹經二卷（01）	11859511
0115-002駒10	44	36439	佛說方等泥洹經二卷（02）	11859611
0116-001食01	50	36489	大般泥洹經六卷（01）	11859711
0116-002食02	42	36531	大般泥洹經六卷（02）	11859811
0116-003食03	47	36578	大般泥洹經六卷（03）	11859911
0116-004食04	42	36620	大般泥洹經六卷（04）	11860011
0116-005食05	48	36668	大般泥洹經六卷（05）	11860111
0116-006食06	50	36718	大般泥洹經六卷（06）	11860211
0117-001食07	32	36750	四童子三昧經三卷（01）	11860311
0117-002食08	31	36781	四童子三昧經三卷（02）	11860411
0117-003食09	31	36812	四童子三昧經三卷（03）	11860511
0121-001食10	30	36842	①佛垂般涅槃略說教誡經一卷②佛臨涅槃記法住經一卷③佛滅度後棺斂葬送經一卷④般泥洹後灌臘經一卷	11860611
0122-001場01	38	36880	金光明最勝王經十卷（01）	11860711
0122-002場02	31	36911	金光明最勝王經十卷（02）	11860811
0122-003場03	25	36936	金光明最勝王經十卷（03）	11860911
0122-004場04	27	36963	金光明最勝王經十卷（04）	11861011
0122-005場05	30	36993	金光明最勝王經十卷（05）	11861111
0122-006場06	31	37024	金光明最勝王經十卷（06）	11861211
0122-007場07	28	37052	金光明最勝王經十卷（07）	11861311
0122-008場08	32	37084	金光明最勝王經十卷（08）	11861411
0122-009場09	35	37119	金光明最勝王經十卷（09）	11861511
0122-010場10	27	37146	金光明最勝王經十卷（10）	11861611
0123-001化01	32	37178	金光明經四卷（01）	11861711
0123-002化02	34	37212	金光明經四卷（02）	11861811
0123-003化03	31	37243	金光明經四卷（03）	11861911
0123-004化04	31	37274	金光明經四卷（04）	11862011
0124-001化05	34	37308	等集眾德三昧經三卷（01）	11862111
0124-002化06	32	37340	等集眾德三昧經三卷（02）	11862211
0124-003化07	32	37372	等集眾德三昧經三卷（03）	11862311
0125-001化08	32	37404	集一切福德三昧經三卷（01）	11862411
0125-002化09	33	37437	集一切福德三昧經三卷（02）	11862511
0125-003化10	33	37470	集一切福德三昧經三卷（03）	11862611
0126-001被01	37	37507	合部金光明經八卷（01）	11862711
0126-002被02	39	37546	合部金光明經八卷（02）	11862811
0126-003被03	28	37574	合部金光明經八卷（03）	11862911
0126-004被04		37574	合部金光明經八卷（04）	11863011
0126-005被05	24	37598	合部金光明經八卷（05）	11863111
0126-006被06	31	37629	合部金光明經八卷（06）	11863211
0126-007被07	30	37659	合部金光明經八卷（07）	11863311
0126-008被08	27	37686	合部金光明經八卷（08）	11863411
0127-001被09		37686	入定不定印經一卷	11863511
0128-001被10	41	37727	不必定入定入印經一卷	11863611
0129-001草01		37727	無量義經一卷	11863711
0130-001草02	46	37773	妙法蓮華經七卷（01）	11863811
0130-002草03	44	37817	妙法蓮華經七卷（02）	11863911
0130-003草04		37817	妙法蓮華經七卷（03）	11864011
0130-004草05	50	37867	妙法蓮華經七卷（04）	11864111
0130-005草06	48	37915	妙法蓮華經七卷（05）	11864211
0130-006草07	46	37961	妙法蓮華經七卷（06）	11864311
0130-007草08	39	38000	妙法蓮華經七卷（07）	11864411
0132-001草09	31	38031	①法華三昧經一卷②薩曇芬陀利經一卷	11864511
0133-001草10	14	38045	妙法蓮華經觀世音菩薩普門品經一卷	11864611
0134-001木01	54	38099	正法華經十卷（01）	11864711
0134-002木02		38099	正法華經十卷（02）	11864811
0134-003木03	44	38143	正法華經十卷（03）	11864911
0134-004木04	32	38175	正法華經十卷（04）	11865011
0134-005木05	26	38201	正法華經十卷（05）	11865111
0134-006木06	39	38240	正法華經十卷（06）	11865211
0134-007木07	37	38277	正法華經十卷（07）	11865311
0134-008木08	32	38309	正法華經十卷（08）	11865411
0134-009木09	43	38352	正法華經十卷（09）	11865511
0134-010木10	44	38396	正法華經十卷（10）	11865611
0135-001賴01	46	38442	添品妙法蓮華經八卷（01）	11865711
0135-002賴02	44	38486	添品妙法蓮華經八卷（02）	11865811
0135-003賴03	53	38539	添品妙法蓮華經八卷（03）	11865911
0135-004賴04	45	38584	添品妙法蓮華經八卷（04）	11866011
0135-005賴05		38584	添品妙法蓮華經八卷（05）	11866111
0135-006賴06	42	38626	添品妙法蓮華經八卷（06）	11866211
0135-007賴07	39	38665	添品妙法蓮華經八卷（07）	11866311
0135-008賴08	27	38692	添品妙法蓮華經八卷（08）	11866411
0136-001賴09	39	38731	分別緣起初勝法門經二卷（01-02）	11866511
0137-001賴10	37	38768	緣生初勝分法本經二卷（01-02）	11866611
0138-001及01	46	38814	悲華經十卷（01）	11866711
0138-002及02	40	38854	悲華經十卷（02）	11866811
0138-003及03		38854	悲華經十卷（03）	11866911
0138-004及04	42	38896	悲華經十卷（04）	11867011
0138-005及05	35	38931	悲華經十卷（05）	11867111
0138-006及06	38	38969	悲華經十卷（06）	11867211
0138-007及07	39	39008	悲華經十卷（07）	11867311
0138-008及08	37	39045	悲華經十卷（08）	11867411
0138-009及09		39045	悲華經十卷（09）	11867511
0138-010及10	36	39081	悲華經十卷（10）	11867611
0139-001萬01		39081	六度集經八卷（01）	11867711
0139-002萬02		39081	六度集經八卷（02）	11867811
0139-003萬03	31	39112	六度集經八卷（03）	11867911
0139-004萬04	41	39153	六度集經八卷（04）	11868011
0139-005萬05		39153	六度集經八卷（05）	11868111
0139-006萬06		39153	六度集經八卷（06）	11868211
0139-007萬07		39153	六度集經八卷（07）	11868311
0139-008萬08		39153	六度集經八卷（08）	11868411
0140-001萬09		39153	大乘頂王經一卷	11868511
0141-001萬10		39153	大方等頂王經一卷	11868611
0142-001方01	44	39197	維摩詰所說經三卷（01）	11868711
0142-002方02	42	39239	維摩詰所說經三卷（02）	11868811
0142-003方03	33	39272	維摩詰所說經三卷（03）	11868911
0143-001方04	40	39312	維摩詰經三卷（01）	11869011
0143-002方05	38	39350	維摩詰經三卷（02）	11869111
0143-003方06	31	39381	維摩詰經三卷（03）	11869211
0144-001方07	26	39407	道神足無極變化經四卷（01）	11869311
0144-002方08	24	39431	道神足無極變化經四卷（02）	11869411
0144-003方09	26	39457	道神足無極變化經四卷（03）	11869511
0144-004方10	26	39483	道神足無極變化經四卷（04）	11869611
0145-001蓋01	25	39508	說無垢稱經六卷（01）	11869711
0145-002蓋02	37	39545	說無垢稱經六卷（02）	11869811
0145-003蓋03	31	39576	說無垢稱經六卷（03）	11869911
0145-004蓋04	36	39612	說無垢稱經六卷（04）	11870011
0145-005蓋05	31	39643	說無垢稱經六卷（05）	11870111
0145-006蓋06	25	39668	說無垢稱經六卷（06）	11870211
0146-001蓋07	32	39700	阿惟越致遮經四卷（01）	11870311
0146-002蓋08	40	39740	阿惟越致遮經四卷（02）	11870411
0146-003蓋09	37	39777	阿惟越致遮經四卷（03）	11870511
0146-004蓋10	38	39815	阿惟越致遮經四卷（04）	11870611
0147-001此01		39815	佛說寶雨經十卷（01）	11870711
0147-002此02	26	39841	佛說寶雨經十卷（02）	11870811
0147-003此03	28	39869	佛說寶雨經十卷（03）	11870911
0147-004此04	27	39896	佛說寶雨經十卷（04）	11871011
0147-005此05	28	39924	佛說寶雨經十卷（05）	11871111
0147-006此06	28	39952	佛說寶雨經十卷（06）	11871211
0147-007此07	31	39983	佛說寶雨經十卷（07）	11871311
0147-008此08	25	40008	佛說寶雨經十卷（08）	11871411
0147-009此09	27	40035	佛說寶雨經十卷（09）	11871511
0147-010此10	28	40063	佛說寶雨經十卷（10）	11871611
0148-001身01		40063	佛說寶雲經七卷(01)	11871711
0148-002身02		40063	佛說寶雲經七卷(02)	11871811
0148-003身03		40063	佛說寶雲經七卷(03)	11871911
0148-004身04		40063	佛說寶雲經七卷(04)	11872011
0148-005身05		40063	佛說寶雲經七卷(05)	11872111
0148-006身06		40063	佛說寶雲經七卷(06)	11872211
0148-007身07		40063	佛說寶雲經七卷(07)	11872311
0149-001身08		40063	佛升忉利天為母說法經三卷(01)	11872411
0149-002身09		40063	佛升忉利天為母說法經三卷(02)	11872511
0149-003身10		40063	佛升忉利天為母說法經三卷(03)	11872611
0151-001髮01	37	40100	①相續解脫地波羅蜜了義經一卷②相續解脫如來所作隨順處了義經一卷	11872711
0152-001髮02	21	40121	佛說解節經一卷	11872811
0153-001髮03	42	40163	不退轉法輪經四卷(01)	11872911
0153-002髮04	39	40202	不退轉法輪經四卷(02)	11873011
0153-003髮05	43	40245	不退轉法輪經四卷(03)	11873111
0153-004髮06		40245	不退轉法輪經四卷(04)	11873211
0154-001髮07		40245	廣博嚴淨不退轉法輪經四卷(01)	11873311
0154-002髮08		40245	廣博嚴淨不退轉法輪經四卷(02)	11873411
0154-003髮09	38	40283	廣博嚴淨不退轉法輪經四卷(03)	11873511
0154-004髮10		40283	廣博嚴淨不退轉法輪經四卷(04)	11873611
0155-001四01		40283	方廣大莊嚴經十二卷（01）	11873711
0155-002四02	32	40315	方廣大莊嚴經十二卷（02）	11873811
0155-003四03	37	40352	方廣大莊嚴經十二卷（03）	11873911
0155-004四04	40	40392	方廣大莊嚴經十二卷（04）	11874011
0155-005四05	36	40428	方廣大莊嚴經十二卷（05）	11874111
0155-006四06	35	40463	方廣大莊嚴經十二卷（06）	11874211
0155-007四07	29	40492	方廣大莊嚴經十二卷（07）	11874311
0155-008四08	32	40524	方廣大莊嚴經十二卷（08）	11874411
0155-009四09	39	40563	方廣大莊嚴經十二卷（09）	11874511
0155-010四10	43	40606	方廣大莊嚴經十二卷（10）	11874611
0155-011大01	36	40642	方廣大莊嚴經十二卷（11）	11874711
0155-012大02	33	40675	方廣大莊嚴經十二卷（12）	11874811
0156-001大03		40675	普曜經八卷（01）	11874911
0156-002大04	40	40715	普曜經八卷（02）	11875011
0156-003大05	30	40745	普曜經八卷（03）	11875111
0156-004大06	42	40787	普曜經八卷（04）	11875211
0156-005大07	36	40823	普曜經八卷（05）	11875311
0156-006大08		40823	普曜經八卷（06）	11875411
0156-007大09		40823	普曜經八卷（07）	11875511
0156-008大10	32	40855	普曜經八卷（08）	11875611
0157-001五01	43	40898	伅真陀羅所問寶如來三昧經三卷（01）	11875711
0157-002五02		40898	伅真陀羅所問寶如來三昧經三卷（02）	11875811
0157-003五03		40898	伅真陀羅所問寶如來三昧經三卷（03）	11875911
0158-001五04	28	40926	大樹緊那羅王所問經四卷（01）	11876011
0158-002五05	37	40963	大樹緊那羅王所問經四卷（02）	11876111
0158-003五06	34	40997	大樹緊那羅王所問經四卷（03）	11876211
0158-004五07		40997	大樹緊那羅王所問經四卷（04）	11876311
0159-001五08	24	41021	諸法本無經三卷（01）	11876411
0159-002五09	20	41041	諸法本無經三卷（02）	11876511
0159-003五10	34	41075	諸法本無經三卷（03）	11876611
0160-001常01	37	41112	諸法無行經二卷（01）	11876711
0160-002常02	29	41141	諸法無行經二卷（02）	11876811
0161-001常03	28	41169	持人菩薩所問經四卷（01）	11876911
0161-002常04	27	41196	持人菩薩所問經四卷（02）	11877011
0161-003常05	23	41219	持人菩薩所問經四卷（03）	11877111
0161-004常06	27	41246	持人菩薩所問經四卷（04）	11877211
0162-001常07	36	41282	持世經四卷（01）	11877311
0162-002常08	40	41322	持世經四卷（02）	11877411
0162-003常09		41322	持世經四卷（03）	11877511
0162-004常10	38	41360	持世經四卷（04）	11877611
0163-001恭01	45	41405	佛說大灌頂神咒經十二卷（01-02）	11877711
0163-002恭02		41405	佛說大灌頂神咒經十二卷（03-04）	11877811
0163-003恭03		41405	佛說大灌頂神咒經十二卷（05-06）	11877911
0163-004恭04	35	41440	佛說大灌頂神咒經十二卷（07-08）	11878011
0163-005恭05	39	41479	佛說大灌頂神咒經十二卷（09-10）	11878111
0163-006恭06	44	41523	佛說大灌頂神咒經十二卷（11-12）	11878211
0164-001恭07		41523	佛說文殊師利現寶藏經二卷（01）	11878311
0164-002恭08	43	41566	佛說文殊師利現寶藏經二卷（02）	11878411
0165-001恭09	39	41605	大方廣寶篋經二卷（01）	11878511
0165-002恭10	45	41650	大方廣寶篋經二卷（02）	11878611
0166-001惟01	23	41673	佛說藥師如來本願經一卷	11878711
0167-001惟02	23	41696	藥師琉璃光如來本願功德經一卷	11878811
0168-001惟03	28	41724	藥師琉璃光七佛本願功德經二卷（01）	11878911
0168-002惟04	27	41751	藥師琉璃光七佛本願功德經二卷（02）	11879011