13111111	 11725711
13111211	 11725811
13111311	 11725911
13111411	 11726011
13111511	 11726111
13111611	 11726211
13111711	 11726311
13111811	 11726411
13112011	 11726611
13112111	 11726711
13112211	 11726811
13112311	 11726911
13112411	 11727011
13112511	 11727111
13112611	 11727211
13112711	 11727311
13112811	 11727411
13112911	 11727511
13113011	 11727611
13113111	 11727711
13113211	 11727811
13113311	 11727911
13113411	 11728011
13113511	 11728111
13113611	 11728211
13113811	 11728411
13113911	 11728511
13114011	 11728611
13114211	 11728811
13114311	 11728911
13114411	 11729011
13114511	 11729111
13114611	 11729211
13114711	 11729311
13114811	 11729411
13114911	 11729511
13115011	 11729611
13115111	 11729711
13115311	 11729911
13115511	 11730111
13115711	 11730311
13116111	 11730711
13116211	 11730811
13116311	 11730911
13116411	 11731011
13116511	 11731111
13116611	 11731211
13116711	 11731311
13116811	 11731411
13116911	 11731511
13117011	 11731611
13117111	 11731711
13117211	 11731811
13117311	 11731911
13117411	 11732011
13117511	 11732111
13117611	 11732211
13117811	 11732411
13117911	 11732511
13118111	 11732711
13118211	 11732811
13118411	 11733011
13118511	 11733111
13118611	 11733211
13118811	 11733411
13118911	 11733511
13119011	 11733611
13119111	 11733711
13119511	 11734111
13119611	 11734211
13119811	 11734411
13119911	 11734511
13120011	 11734611
13120111	 11734711
13120211	 11734811
13120311	 11734911
13120411	 11735011
13120511	 11735111
13120611	 11735211
13120711	 11735311
13120811	 11735411
13120911	 11735511
13121111	 11735711
13121211	 11735811
13121311	 11735911
13121411	 11736011
13121511	 11736111
13121611	 11736211
13121711	 11736311
13121811	 11736411
13121911	 11736511
13122011	 11736611
13122111	 11736711
13122311	 11736911
13122511	 11737111
13122711	 11737311
13123011	 11737611
13123111	 11737711
13123211	 11737811
13123311	 11737911
13123511	 11738111
13123711	 11738311
13123911	 11738511
13124011	 11738611
13124111	 11738711
13124211	 11738811
13124311	 11738911
13124411	 11739011
13124511	 11739111
13124611	 11739211
13124711	 11739311
13124811	 11739411
13124911	 11739511
13125011	 11739611
13125111	 11739711
13125211	 11739811
13125311	 11739911
13125411	 11740011
13125511	 11740111
13125611	 11740211
13125711	 11740311
13125811	 11740411
13125911	 11740511
13126011	 11740611
13126211	 11740811
13126311	 11740911
13126411	 11741011
13126511	 11741111
13126611	 11741211
13126711	 11741311
13126811	 11741411
13127011	 11741611
13127511	 11742111
13128111	 11742711
13128211	 11742811
13128311	 11742911
13128411	 11743011
13128611	 11743211
13128711	 11743311
13128811	 11743411
13128911	 11743511
13129011	 11743611
13129111	 11743711
13129211	 11743811
13129311	 11743911
13129411	 11744011
13129511	 11744111
13129611	 11744211
13129911	 11744511
13130011	 11744611
13130111	 11744711
13130211	 11744811
13130411	 11745011
13130511	 11745111
13130611	 11745211
13130711	 11745311
13130811	 11745411
13130911	 11745511
13131111	 11745711
13131211	 11745811
13131311	 11745911
13131411	 11746011
13131511	 11746111
13131611	 11746211
13131711	 11746311
13131811	 11746411
13131911	 11746511
13132011	 11746611
13132111	 11746711
13132311	 11746911
13132411	 11747011
13132511	 11747111
13132611	 11747211
13132711	 11747311
13133211	 11747811
13133311	 11747911
13133411	 11748011
13133511	 11748111
13133611	 11748211
13133711	 11748311
13133811	 11748411
13133911	 11748511
13134011	 11748611
13134111	 11748711
13134211	 11748811
13134311	 11748911
13134411	 11749011
13134511	 11749111
13134611	 11749211
13134711	 11749311
13134811	 11749411
13134911	 11749511
13135211	 11749811
13135311	 11749911
13135411	 11750011
13135511	 11750111
13135611	 11750211
13135711	 11750311
13135811	 11750411
13135911	 11750511
13136011	 11750611
13136111	 11750711
13136211	 11750811
13136311	 11750911
13136411	 11751011
13136511	 11751111
13136611	 11751211
13136711	 11751311
13136811	 11751411
13136911	 11751511
13137011	 11751611
13137111	 11751711
13137311	 11751911
13137611	 11752211
13137711	 11752311
13137811	 11752411
13138011	 11752611
13138211	 11752811
13138311	 11752911
13138411	 11753011
13138511	 11753111
13138611	 11753211
13138711	 11753311
13138811	 11753411
13138911	 11753511
13139111	 11753711
13139211	 11753811
13139311	 11753911
13139411	 11754011
13139511	 11754111
13139611	 11754211
13139711	 11754311
13139811	 11754411
13139911	 11754511
13140011	 11754611
13140111	 11754711
13140211	 11754811
13140311	 11754911
13140411	 11755011
13140511	 11755111
13140611	 11755211
13140711	 11755311
13140811	 11755411
13140911	 11755511
13141011	 11755611
13141211	 11755811
13141311	 11755911
13141411	 11756011
13141511	 11756111
13141611	 11756211
13141711	 11756311
13141911	 11756511
13142011	 11756611
13142511	 11757111
13142711	 11757311
13142811	 11757411
13142911	 11757511
13143211	 11757811
13143311	 11757911
13143411	 11758011
13143511	 11758111
13143611	 11758211
13143711	 11758311
13143811	 11758411
13143911	 11758511
13144011	 11758611
13144111	 11758711
13144211	 11758811
13144311	 11758911
13144411	 11759011
13144511	 11759111
13144611	 11759211
13144711	 11759311
13144811	 11759411
13144911	 11759511
13145011	 11759611
13145111	 11759711
13145211	 11759811
13145311	 11759911
13145411	 11760011
13145511	 11760111
13145611	 11760211
13145711	 11760311
13145811	 11760411
13145911	 11760511
13146011	 11760611
13146111	 11760711
13146211	 11760811
13146311	 11760911
13146411	 11761011
13146511	 11761111
13146611	 11761211
13146711	 11761311
13146811	 11761411
13146911	 11761511
13147011	 11761611
13147111	 11761711
13147211	 11761811
13147311	 11761911
13147411	 11762011
13147511	 11762111
13147611	 11762211
13147711	 11762311
13147811	 11762411
13147911	 11762511
13148011	 11762611
13148111	 11762711
13148311	 11762911
13148411	 11763011
13148611	 11763211
13148711	 11763311
13148811	 11763411
13148911	 11763511
13149111	 11763711
13149211	 11763811
13149311	 11763911
13149411	 11764011
13149511	 11764111
13149611	 11764211
13149711	 11764311
13149911	 11764511
13150011	 11764611
13150111	 11764711
13150211	 11764811
13150311	 11764911
13150411	 11765011
13150611	 11765211
13150711	 11765311
13150811	 11765411
13150911	 11765511
13151011	 11765611
13151111	 11765711
13151211	 11765811
13151311	 11765911
13151411	 11766011
13151511	 11766111
13151611	 11766211
13151711	 11766311
13151811	 11766411
13151911	 11766511
13152011	 11766611
13152311	 11766911
13152611	 11767211
13152911	 11767511
13153111	 11767711
13153211	 11767811
13153311	 11767911
13153411	 11768011
13153511	 11768111
13153811	 11768411
13153911	 11768511
13154011	 11768611
13154311	 11768911
13154411	 11769011
13154511	 11769111
13154611	 11769211
13154711	 11769311
13154811	 11769411
13154911	 11769511
13155011	 11769611
13155111	 11769711
13155211	 11769811
13155311	 11769911
13155411	 11770011
13155511	 11770111
13155611	 11770211
13155711	 11770311
13155811	 11770411
13155911	 11770511
13156011	 11770611
13156111	 11770711
13156311	 11770911
13156411	 11771011
13156611	 11771211
13156711	 11771311
13156811	 11771411
13156911	 11771511
13157111	 11771711
13157211	 11771811
13157311	 11771911
13157411	 11772011
13157511	 11772111
13157611	 11772211
13157711	 11772311
13157811	 11772411
13157911	 11772511
13158011	 11772611
13158111	 11772711
13158211	 11772811
13158311	 11772911
13158411	 11773011
13158511	 11773111
13158611	 11773211
13158711	 11773311
13158811	 11773411
13158911	 11773511
13159011	 11773611
13159111	 11773711
13159411	 11774011
13159511	 11774111
13159711	 11774311
13159911	 11774511
13160011	 11774611
13160211	 11774811
13160311	 11774911
13160411	 11775011
13160511	 11775111
13160611	 11775211
13160711	 11775311
13160811	 11775411
13160911	 11775511
13161011	 11775611
13161111	 11775711
13161211	 11775811
13161311	 11775911
13161411	 11776011
13161511	 11776111
13161611	 11776211
13161711	 11776311
13161811	 11776411
13161911	 11776511
13162011	 11776611
13162111	 11776711
13162211	 11776811
13162311	 11776911
13162411	 11777011
13162511	 11777111
13162611	 11777211
13162711	 11777311
13162811	 11777411
13162911	 11777511
13163011	 11777611
13163111	 11777711
13163211	 11777811
13163311	 11777911
13163411	 11778011
13163511	 11778111
13163611	 11778211
13163711	 11778311
13163811	 11778411
13163911	 11778511
13164011	 11778611
13164111	 11778711
13164211	 11778811
13164311	 11778911
13164411	 11779011
13164511	 11779111
13164711	 11779311
13164811	 11779411
13164911	 11779511
13165011	 11779611
13165211	 11779811
13165311	 11779911
13165411	 11780011
13165511	 11780111
13165611	 11780211
13165711	 11780311
13165811	 11780411
13165911	 11780511
13166011	 11780611
13166111	 11780711
13166211	 11780811
13166611	 11781211
13166811	 11781411
13167011	 11781611
13167111	 11781711
13167211	 11781811
13167511	 11782111
13167711	 11782311
13167811	 11782411
13167911	 11782511
13168011	 11782611
13168111	 11782711
13168211	 11782811
13168411	 11783011
13168511	 11783111
13168811	 11783411
13168911	 11783511